-- phpMyAdmin SQL Dump
-- version 5.2.0
-- https://www.phpmyadmin.net/
--
-- Host: 127.0.0.1:3306
-- Tempo de geração: 06-Dez-2023 às 12:27
-- Versão do servidor: 8.0.31
-- versão do PHP: 8.2.0

SET SQL_MODE = "NO_AUTO_VALUE_ON_ZERO";
START TRANSACTION;
SET time_zone = "+00:00";


/*!40101 SET @OLD_CHARACTER_SET_CLIENT=@@CHARACTER_SET_CLIENT */;
/*!40101 SET @OLD_CHARACTER_SET_RESULTS=@@CHARACTER_SET_RESULTS */;
/*!40101 SET @OLD_COLLATION_CONNECTION=@@COLLATION_CONNECTION */;
/*!40101 SET NAMES utf8mb4 */;

--
-- Banco de dados: `ppi`
--

-- --------------------------------------------------------

--
-- Estrutura da tabela `escolhas`
--

DROP TABLE IF EXISTS `escolhas`;
CREATE TABLE IF NOT EXISTS `escolhas` (
  `id_escolha` int NOT NULL,
  `id_usuario` int NOT NULL,
  `escolha` varchar(255) NOT NULL,
  `id_destino` int NOT NULL,
  `id_historia` int NOT NULL,
  PRIMARY KEY (`id_escolha`),
  KEY `fk_historia` (`id_historia`),
  KEY `id_usuario` (`id_usuario`) USING BTREE
) ENGINE=InnoDB DEFAULT CHARSET=utf8mb4 COLLATE=utf8mb4_0900_ai_ci;

--
-- Extraindo dados da tabela `escolhas`
--

INSERT INTO `escolhas` (`id_escolha`, `id_usuario`, `escolha`, `id_destino`, `id_historia`) VALUES
(-5, 0, '...', -1, -5),
(-4, 0, 'Dizia meu parceiro de trabalho totalmente sorridente e feliz com nosso mais novo negócio. Realmente estávamos próximos do grande sucesso, havia me esforçado muito até o momento.', -3, -4),
(-3, 0, 'Vamos comemorar então, pegue uma de suas bebidas e vamos comemorar!\n\n', -2, -3),
(-2, 0, '...', -4, -1),
(-1, 0, 'Assim meu mais novo parceiro de negócios havia feito, buscou uma de suas melhores bebidas e assim caímos em farra, mas não imaginava que nessa farra iria decidir ir embora daquela nova cidade, a grande Brasília com meu novo associado.', 0, -2),
(0, 1, '...', 1, 0),
(1, 1, 'Tudo isso pelo o que? Uns 2000 cruzeiro? Que hoje em dia nem devem valer nada', 2, 1),
(2, 1, 'Não julgo, se eu tivesse a oportunidade faria o mesmo...', 2, 1),
(3, 1, 'Que horror, por onde ele anda agora?', 2, 1),
(4, 1, 'Hm... Se bem que coisas assim são comuns', 2, 1),
(5, 1, 'Assim vi meu pai seguindo fazendo suas tarefas enquanto eu ainda processava a história. Porque meu avô faria isso? E se o tal sucesso foi tão grande, por que nunca o vi sendo reconhecido?', 3, 2),
(6, 1, 'Olhei de volta para meu pai que fazia algo não muito importante em sua mesa e com uma grande dúvida fui perguntar novamente sobre meu avô-', 4, 3),
(7, 1, 'Pai, se ele ficou tão famoso e rico, por que nunca o vi em jornais ou até mesmo na televisão?', 5, 4),
(8, 1, 'Essa história tá muito mal contada', 6, 5),
(9, 1, 'Talvez só tenha morrido mesmo. Normal, não?', 6, 5),
(10, 1, 'E assim fiz, segui até meu quarto, me jogando na minha cama confortável e caindo no sono-', 7, 6),
(11, 1, 'Continuar deitado', -5, 7),
(12, 1, 'Levantar', 8, 7),
(13, 1, 'Saí de meu quarto, enquanto caminhava em direção à cozinha quando escutei um chiado vindo da sala. Parei por alguns segundos até caminhar na direção da sala vendo a televisão acesa em a tela “sem sinal”\n', 9, 8),
(14, 1, 'Estranhei a situação, normalmente desligamos para economizar na conta, até que ela se acende de vez abrindo em um canal desconhecido\n', 10, 9),
(15, 1, 'O que é isso?\r\n', 11, 10),
(16, 1, '...', 12, 11),
(17, 1, 'Era um sonho? Como assim?... Parecia tão real, não é possível.', 13, 12),
(18, 1, 'Perguntar para uma antiga vizinha do bairro', 14, 13),
(19, 1, 'Olhar a caixa de lembranças da família', 31, 13),
(20, 1, '...', 15, 14),
(21, 1, '...', 16, 15),
(22, 1, 'Bom dia Dona Tereza, estou com uma pulga atrás da orelha e queria conversar sobre pra ver se pode me ajudar.', 17, 16),
(23, 1, 'Pode me falar mais sobre meu avô?', 18, 17),
(24, 1, '...', 19, 18),
(25, 1, '...', 20, 19),
(26, 1, '...', 21, 20),
(27, 1, 'Sobre esse sócio, sabe mais alguma coisa sobre ele?', 22, 21),
(28, 1, 'Na televisão!? Como assim?', 23, 22),
(29, 1, 'Nossa que incrível, iria amar aparecer na televisão.', 23, 22),
(30, 1, 'Hm... legal, mas como assim na televisão?', 23, 22),
(31, 1, 'Obrigada Terezinha', 24, 23),
(32, 1, 'mas agora essa empresa... Onde fica?', 31, 24),
(33, 1, 'Sabe algo sobre a empresa de meu avô?', 25, 17),
(34, 1, 'Combinado, pode me contar.', 26, 25),
(35, 1, '...', 27, 26),
(36, 1, 'Nossa que estranho...', 28, 27),
(37, 1, 'Na televisão?! Como assim?', 29, 28),
(38, 1, 'Nossa que incrível, iria amar aparecer na televisão.', 29, 28),
(39, 1, 'Hm... legal, mas como assim na televisão?', 29, 28),
(40, 1, 'Obrigado Dona Tereza, até mais tarde', 30, 29),
(41, 1, 'Pai, sabe aquela caixa de lembranças que tínhamos? Ela ainda existe por algum acaso?', 32, 31),
(42, 1, 'Queria descobrir algumas coisas sobre meu avô e aquela tal empresa dele. Estou muito curioso para saber mais, tenho algumas dúvidas...', 33, 32),
(43, 1, 'Eu só queria ver algumas fotos de infância que temos, estou com saudades daquele tempo queria poder relembrar as histórias.', 149, 152),
(44, 1, 'mas agora essa empresa... Onde fica?', 31, 30),
(45, 1, 'Olhar a caixa escondido', 34, 33),
(46, 1, 'Respeitar o que seu pai mandou', 183, 33),
(47, 1, '...', 35, 34),
(48, 1, '...', 36, 35),
(49, 1, 'ler as cartas com o nome de seu avô', 37, 36),
(50, 1, 'olhar as fotos antigas', 181, 36),
(51, 1, '...', 38, 37),
(52, 1, '...', 39, 38),
(53, 1, '...', 40, 39),
(54, 1, 'André Nunes? Quem é esse?', 41, 40),
(55, 1, 'Não ler a carta', 184, 41),
(56, 1, 'Ler a carta', 42, 41),
(57, 1, '...', 43, 42),
(58, 1, '...', 44, 43),
(59, 1, '...', 45, 44),
(60, 1, 'Essa carta... Quer dizer que a última pessoa que meu avô viu foi realmente o tal sócio?... André? Esse é o nome dele?', 46, 45),
(61, 1, 'Deixar a carta na caixa', 47, 46),
(62, 1, 'Guardar a carta no bolso', 49, 46),
(63, 1, 'Pai, me desculpa eu estava com uma curiosidade, não podia deixar isso de lado assim.', 169, 47),
(64, 1, 'Pai, me desculpa eu estava com uma curiosidade, não podia deixar isso de lado assim.', 170, 49),
(65, 1, '...', 48, 169),
(66, 1, '...', 50, 170),
(67, 1, 'Vou dormir, já está tarde', 51, 48),
(68, 1, 'Acho melhor tomar um copo d\'água antes de voltar a dormir.', 52, 51),
(69, 1, 'Ir tomar água e voltar a dormir', 53, 52),
(70, 1, 'Espiar pela brecha da porta', 160, 52),
(71, 1, '...', 171, 53),
(72, 1, '...', 54, 171),
(73, 1, 'Tenho que resolver algumas coisas, pai. Nada demais, vai trabalhar até tarde hoje?', 55, 54),
(74, 1, 'Mas assim tão de repente?', 56, 55),
(75, 1, '...', 172, 56),
(76, 1, '...', 57, 172),
(77, 1, '...', 58, 57),
(78, 1, 'Ir de ônibus', 59, 58),
(79, 1, 'Ir caminhando', 187, 58),
(80, 1, '...', 61, 59),
(81, 1, '...', 62, 61),
(82, 1, '...', 63, 62),
(83, 1, 'Usar o endereço da carta', 64, 63),
(84, 1, '...', 65, 64),
(85, 1, 'Apertar campainha', 66, 65),
(86, 1, '...', 67, 66),
(87, 1, '...', 68, 67),
(88, 1, 'Você é André Nunes?', 69, 68),
(89, 1, 'Você é o sócio da empresa de carro?', 69, 68),
(90, 1, 'Então é você mesmo, você que era sócio do meu avô', 70, 69),
(91, 1, '...', 71, 70),
(92, 1, '...', 72, 71),
(93, 1, '...', 73, 72),
(94, 1, 'De onde você conhece meu avô?', 74, 73),
(95, 1, '...', 75, 74),
(96, 1, '...', 76, 75),
(97, 1, '...', 77, 76),
(98, 1, 'Minha família tem o costume de guardar coisas desse tipo.', 78, 77),
(99, 1, '...', 79, 78),
(100, 1, 'Contar sobre o que meu pai havia falado', 173, 79),
(101, 1, 'Contar sobre o sonho', 175, 79),
(102, 1, '...', 174, 173),
(103, 1, '...', 84, 174),
(104, 1, 'Você sabe para onde meu avô foi?', 80, 175),
(105, 1, 'Você sabe o que aconteceu com meu avô?', 83, 175),
(106, 1, 'Como assim? Meu pai havia me contado que na verdade você havia convencido meu avô a ir embora da cidade', 81, 80),
(107, 1, '...', 82, 81),
(108, 1, '...', 84, 82),
(109, 1, 'Você que é o sócio do meu avô?', 176, 68),
(110, 1, '...', 177, 176),
(111, 1, 'Edson... Criador da VeloEd.', 178, 177),
(112, 1, '...', 179, 178),
(113, 1, '...', 74, 179),
(114, 1, 'Mentir o motivo', 152, 32),
(115, 1, '...', 153, 149),
(116, 1, '...', 154, 153),
(117, 1, 'Olhar a carta', 155, 154),
(118, 1, 'Olhar a foto', 181, 154),
(119, 1, '...', 156, 155),
(120, 1, 'Guardar a carta', 180, 156),
(121, 1, 'Deixar a carta na caixa', 180, 156),
(122, 1, 'Olhar as fotos antigas', 181, 180),
(123, 1, 'Fechar a caixa', 47, 180),
(124, 1, '...', 182, 181),
(125, 1, '...', 142, 182),
(126, 1, 'Me desculpe pai, mas eu estava curioso.', 157, 142),
(127, 1, '...', -5, 183),
(128, 1, 'Olhar as fotos antigas', 181, 184),
(129, 1, 'Fechar a caixa', -5, 184),
(130, 1, 'Pensando bem acho que não vai ser preciso, desculpa Terezinha', 185, 17),
(131, 1, 'Procurar na caixa de lembranças', 31, 185),
(132, 1, 'Falar com Terezinha novamente', 186, 185),
(133, 1, 'Pode me falar mais sobre meu avô?', 18, 186),
(134, 1, 'Sabe algo sobre a empresa de meu avô', 25, 186),
(136, 1, '...', 161, 160),
(137, 1, '...', 162, 161),
(138, 1, '...', 163, 162),
(139, 1, '...', 164, 163),
(140, 1, '...', 165, 164),
(141, 1, '...', 166, 165),
(142, 1, '...', 54, 166),
(143, 1, '...', -5, 187),
(144, 1, '...', 158, 157),
(145, 1, 'Levantar e caminhar pela casa', 188, 158),
(146, 1, 'Eu posso visitar a empresa?', 189, 84),
(147, 1, 'Tenho curiosidade pra ver a empresa do meu avô', 85, 189),
(148, 1, 'Só queria ter a experiência de estar lá', 85, 189),
(149, 1, 'Podemos ir hoje? Talvez agora?', 86, 85),
(150, 1, 'Claro podemos sim, pode me dizer onde fica?', 87, 86),
(151, 1, '...', 88, 87),
(152, 1, 'Bom tenho que ir agora antes que fique tarde', 89, 88),
(153, 1, 'Obrigada pela ajuda...', 90, 89),
(154, 1, '...', 190, 90),
(155, 1, '...', 95, 190),
(156, 1, '...', 96, 95),
(157, 1, '...', 191, 96),
(158, 1, '...', 97, 191),
(159, 1, '...', 98, 97),
(160, 1, '...', 99, 98),
(161, 1, '...', 100, 99),
(162, 1, '...', 60, 100),
(163, 1, '...', 102, 101),
(164, 1, '...', 222, 102),
(165, 1, '...', 159, 188),
(166, 1, 'Ir tomar água e voltar a dormir', 192, 159),
(167, 1, '...', 193, 192),
(169, 1, '...', 145, 193),
(170, 1, 'Tenho que resolver algumas coisas, pai. Nada demais, vai trabalhar até tarde hoje?', 146, 145),
(171, 1, 'Mas assim tão de repente?', 147, 146),
(172, 1, '...', 194, 147),
(173, 1, '...', 195, 194),
(174, 1, '...', 196, 195),
(175, 1, 'Ir de ônibus', 197, 196),
(176, 1, 'Ir caminhando', 187, 196),
(177, 1, '...', 198, 197),
(178, 1, '...', 199, 198),
(179, 1, '...', 200, 199),
(180, 1, '...', 201, 200),
(181, 1, '...', 202, 201),
(182, 1, '...', 203, 202),
(183, 1, '...', 204, 203),
(184, 1, 'Então aqui seu escritório? Alias meu nome é P.P', 205, 204),
(185, 1, 'Interessante, meu avô não está aqui?', 206, 205),
(186, 1, '...', 207, 206),
(187, 1, '...', 208, 207),
(188, 1, '...', 104, 103),
(189, 1, 'Então aqui seu escritório?', 105, 104),
(190, 1, 'Interessante, não tem fotos do meu avô?', 106, 105),
(191, 1, '...', 107, 106),
(192, 1, 'Mexer no computador', 209, 107),
(193, 1, 'Olhar na gaveta da escrivaninha', 108, 107),
(194, 1, 'Olhar na gaveta da escrivaninha', 108, 208),
(195, 1, 'Mexer no computador', 209, 208),
(196, 1, '...', 210, 209),
(197, 1, '...', 211, 210),
(198, 1, '...', 212, 211),
(199, 1, '...', -5, 212),
(200, 1, '...', 109, 108),
(201, 1, 'Ele sabia de tudo... Como assim? Eu ainda esperava', 110, 109),
(202, 1, '...', 111, 110),
(203, 1, 'Você sabia de tudo, estava me mentido todo esse tempo', 112, 111),
(204, 1, 'Você sabia de tudo, estava me mentido todo esse tempo', 113, 112),
(205, 1, '...', 114, 113),
(206, 1, 'Não ser como meu avô?? Como assim? Me conte a verdade agora, já basta ter mentido até aqui', 115, 114),
(207, 1, '...', 213, 115),
(208, 1, '...', 116, 213),
(209, 1, '...', 117, 116),
(210, 1, '...', 118, 117),
(211, -1, '...', 119, 118),
(212, -1, 'Viva! Devemos celebrar. É um grande começo em nossa vida. Vamos Edson, temos que brindar sobre o nosso grande triunfo em Brasília!', 120, 119),
(213, -1, 'Fui para a cozinha.', 121, 120),
(214, -1, 'Estava servindo a bebida nos copos sobre a bancada central até olhar a minha frente e encarar a flor rosa que estava logo ali...', 122, 121),
(215, -1, 'Ah essa planta \"Oleandro\", tão bela mas tão mortal, tóxica para todos tipos de seres até mesmo sua seiva leitosa pode nos causar ferimentos horríveis.', 123, 122),
(216, -1, 'Acho que posso fazer melhor do que só embebedá-lo. Após servir a bebida, cortei um pedaço da sua folha e raiz e a triturei o máximo possível de forma rápida.', 124, 123),
(217, -1, 'Quando terminei de preparar as bebidas a levei de volta em direção da sala.', 125, 124),
(218, -1, 'Um brinde ao nosso recomeço e grande triunfo.', 126, 125),
(219, -1, 'Entreguei o copo em sua mão e logo os levantamos em forma de brinde, estava prestes a tomar a bebida mas preferi o encarar enquanto se deliciava com sua última bebida...', 127, 126),
(220, -1, 'Após tomarmos mais alguns drinks ele já estava visivelmente mal, tanto pela bebida com o veneno da planta quanto para as outras bebidas ingeridas.', 128, 127),
(221, -1, 'Acho que devemos fechar um contrato oficial sobre os negócios.', 129, 128),
(222, -1, 'Disse me levantando e pegando um papel que estava logo atrás de mim, era realmente um contrato de associado mas precisava de sua assinatura caso quisesse forçar um documento...', 130, 129),
(223, -1, 'Ele nem sequer havia olhado para o papel, somente tinha assinado todo o documento eu estava mais que satisfeito.', 131, 130),
(224, -1, 'Deixa que eu te acompanho até a porta, meu amigo.', 132, 131),
(225, -1, 'O levei até a porta e insisti em leva-lo até a esquina. Quando estávamos na esquina o vi colocar a mão em seu peito.', 133, 132),
(226, -1, 'Foram as suas últimas palavras das quais eu lembrava de escutar vindas de Edson até ele simplesmente cair no chão', 134, 133),
(227, 1, '...', 135, 134),
(228, 1, 'Então... Você estava escondendo tudo isso até hoje, já faz anos! Como deu conta? Não sentia remorso ou culpa? Você é um monstro', 136, 135),
(229, 1, '...', 137, 136),
(230, 1, '...', 138, 137),
(231, 1, '...', 139, 138),
(232, 1, '...', 140, 139),
(233, 1, 'A escolha do meu futuro estava sobre minhas mãos, eu podia escolher o melhor futuro mas que vinha de forma errada ou então continuar na minha vida normalmente e agir como se essa história não fosse nada demais...', 141, 140),
(234, 1, 'Se juntar a André', 214, 141),
(235, 1, 'Seguir a vida normalmente', 218, 141),
(236, 1, '...', 84, 83),
(237, 1, '...', 101, 60),
(238, 1, '...', 215, 214),
(239, 1, 'Tudo bem, tudo por um futuro melhor.', 216, 215),
(240, 1, 'Ele disse já pegando os copos e me entregando um.', 217, 216),
(241, 1, '...', -5, 217),
(242, 1, '...', 219, 218),
(243, 1, '...', 220, 219),
(244, 1, '...', 221, 220),
(245, 1, '...', -5, 221),
(246, 1, '...', 223, 222),
(247, 1, '...', 224, 223),
(248, 1, '...', 225, 224),
(249, 1, '...', 103, 225);

-- --------------------------------------------------------

--
-- Estrutura da tabela `escolhasen`
--

DROP TABLE IF EXISTS `escolhasen`;
CREATE TABLE IF NOT EXISTS `escolhasen` (
  `id_escolha` int NOT NULL,
  `id_usuario` int NOT NULL,
  `escolha` varchar(255) CHARACTER SET utf8mb4 COLLATE utf8mb4_general_ci NOT NULL,
  `id_historia` int NOT NULL,
  `id_destino` int NOT NULL,
  PRIMARY KEY (`id_escolha`),
  KEY `id_historia` (`id_historia`),
  KEY `id_usuario` (`id_usuario`)
) ENGINE=InnoDB DEFAULT CHARSET=utf8mb4 COLLATE=utf8mb4_general_ci;

--
-- Extraindo dados da tabela `escolhasen`
--

INSERT INTO `escolhasen` (`id_escolha`, `id_usuario`, `escolha`, `id_historia`, `id_destino`) VALUES
(-5, 0, '...', -5, -1),
(-4, 0, 'My work partner said, totally smiling and happy with our newest business. We were really close to great success, I had put in a lot of effort until now.\n', -4, -3),
(-3, 0, 'Let\'s celebrate then, grab one of your drinks and let\'s celebrate!', -3, -2),
(-2, 0, '...', -1, -4),
(-1, 0, 'This is what my newest business partner did: he got one of his best drinks and so we went on a binge. But, I didn\'t imagine that this party would decide to leave in that new city, the great Brasília with my new associate.', -2, 0),
(0, 1, '...', 0, 1),
(1, 1, 'All this for what? About 2000 cruises? Which nowadays shouldn\'t even be worth anything.', 1, 2),
(2, 1, 'I don\'t judge, if I had the opportunity I would do the same...', 1, 2),
(3, 1, 'What a horror, where is he now?', 1, 2),
(4, 1, 'Hm... Although things like this are common', 1, 2),
(5, 1, 'So I saw my father carrying on doing his tasks while I was still processing the story. Why would my grandfather do this? And if this success was so great, why did I never see it being recognized?', 2, 3),
(6, 1, 'I looked back at my father who was doing something not very important at his desk and with great doubt I went to ask again about my grandfather-', 3, 4),
(7, 1, 'Dad, if he became so famous and rich, why haven\'t I ever seen him in newspapers or even on television?', 4, 5),
(8, 1, 'This story is very poorly told', 5, 6),
(9, 1, 'Maybe he just died. Normal, no?', 5, 6),
(10, 1, 'And so I did, I went to my room, throwing myself on my comfortable bed and falling asleep-', 6, 7),
(11, 1, 'Continue lying down', 7, -5),
(12, 1, 'Rise', 7, 8),
(13, 1, '-I left my room while walking towards the kitchen when I heard a squeak coming from the living room. I stopped for a few seconds until I walked towards the living room and saw the television on the “no signal” screen.', 8, 9),
(14, 1, '-I found the situation strange, we normally turn it off to save on the bill, until it turns on once and for all opening on an unknown channel-', 9, 10),
(15, 1, 'What is that?', 10, 11),
(16, 1, '...', 11, 12),
(17, 1, 'Was a dream? What do you mean?... It seemed so real, it\'s not possible.', 12, 13),
(18, 1, 'Ask an old neighbor in the neighborhood', 13, 14),
(19, 1, 'Looking through the family keepsake box', 13, 31),
(20, 1, '...', 14, 15),
(21, 1, '...', 15, 16),
(22, 1, 'Good morning Dona Tereza, I have a flea behind my ear and I wanted to talk about it to see if you can help me.', 16, 17),
(23, 1, 'Can you tell me more about my grandfather?', 17, 18),
(24, 1, '...', 18, 19),
(25, 1, '...', 19, 20),
(26, 1, '...', 20, 21),
(27, 1, 'About this partner, do you know anything else about him?', 21, 22),
(28, 1, 'On TV!? Like this?', 22, 23),
(29, 1, 'Wow, how incredible, I would love to appear on television.', 22, 23),
(30, 1, 'Hm... cool, but what do you mean on television?', 22, 23),
(31, 1, 'Thank you Terezinha', 23, 24),
(32, 1, 'but now this company... Where is it?', 24, 31),
(33, 1, 'Do you know anything about my grandfather\'s company?', 17, 25),
(34, 1, 'OK, you can tell me.', 25, 26),
(35, 0, '...', 26, 27),
(36, 0, 'Wow, how strange...', 27, 28),
(37, 0, 'On TV?! Like this?', 28, 29),
(38, 0, 'Wow, how incredible, I would love to appear on television.', 28, 29),
(39, 0, 'Hm... cool, but what do you mean on television?', 28, 29),
(40, 0, 'Thank you Dona Tereza, see you later', 29, 30),
(41, 0, 'Dad, you know that box of memories we had? Does it still exist by any chance?', 31, 32),
(42, 0, 'I wanted to find out some things about my grandfather and that company of his. I\'m very curious to know more, I have some questions...', 32, 33),
(43, 0, 'I just wanted to see some childhood photos that we have, I miss those times, I wish I could remember the stories.', 152, 149),
(44, 0, 'but now this company... Where is it?', 30, 31),
(45, 0, 'Look at the hidden box', 33, 34),
(46, 0, 'Respect what your father told you', 33, 183),
(47, 0, '...', 34, 35),
(48, 0, '...', 35, 36),
(49, 0, 'read the letters with your grandfather\'s name', 36, 37),
(50, 0, 'look at old photos', 36, 181),
(51, 0, '...', 37, 38),
(52, 0, '...', 38, 39),
(53, 0, '...', 39, 40),
(54, 0, 'André Nunes? Who is he?', 40, 41),
(55, 0, 'Don\'t read the letter', 41, 184),
(56, 0, 'Read the letter', 41, 42),
(57, 0, '...', 42, 43),
(58, 0, '...', 43, 44),
(59, 0, '...', 44, 45),
(60, 0, 'This letter... Does this mean that the last person my grandfather saw was actually that partner?... André? Is that his name?', 45, 46),
(61, 0, 'Leave the letter in the box', 46, 47),
(62, 0, 'Keep the letter in your pocket', 46, 49),
(63, 0, 'Dad, I\'m sorry, I was curious, I couldn\'t leave it aside like that.', 47, 169),
(64, 0, 'Dad, I\'m sorry, I was curious, I couldn\'t leave it aside like that.', 49, 170),
(65, 0, '...', 169, 48),
(66, 0, '...', 170, 50),
(67, 0, 'I\'m going to sleep, it\'s late', 48, 51),
(68, 0, 'I think it\'s best to drink a glass of water before going back to sleep.', 51, 52),
(69, 0, 'Go drink water and go back to sleep', 52, 53),
(70, 0, 'Peek through the crack in the door', 52, 160),
(71, 0, '...', 53, 171),
(72, 0, '...', 171, 54),
(73, 0, 'I have to sort out some things, dad. No big deal, are you working late today?', 54, 55),
(74, 0, 'But so suddenly?', 55, 56),
(75, 0, '...', 56, 172),
(76, 0, '...', 172, 57),
(77, 0, '...', 57, 58),
(78, 0, 'Go by bus', 58, 59),
(79, 0, 'Go walking', 58, 187),
(80, 0, '...', 59, 61),
(81, 0, '...', 61, 62),
(82, 0, '...', 62, 63),
(83, 0, 'Use the address on the letter', 63, 64),
(84, 0, '...', 64, 65),
(85, 0, 'Press bell', 65, 66),
(86, 0, '...', 66, 67),
(87, 0, '...', 67, 68),
(88, 0, 'Are you André Nunes?', 68, 69),
(89, 0, 'Are you the partner of the car company?', 68, 69),
(90, 0, 'So it\'s you, you were my grandfather\'s partner', 69, 70),
(91, 0, '...', 70, 71),
(92, 0, '...', 71, 72),
(93, 0, '...', 72, 73),
(94, 0, 'Where do you know my grandfather from?', 73, 74),
(95, 0, '...', 74, 75),
(96, 0, '...', 75, 76),
(97, 0, '...', 76, 77),
(98, 0, 'My family has a habit of saving things like this.', 77, 78),
(99, 0, '...', 78, 79),
(100, 0, 'Tell about what my father had said', 79, 173),
(101, 0, 'Tell about the dream', 79, 175),
(102, 0, '...', 173, 174),
(103, 0, '...', 174, 84),
(104, 0, 'Do you know where my grandfather went?', 175, 80),
(105, 0, 'Do you know what happened to my grandfather?', 175, 83),
(106, 0, 'Like this? My father had told me that you had actually convinced my grandfather to leave town', 80, 81),
(107, 0, '...', 81, 82),
(108, 0, '...', 82, 84),
(109, 0, 'Are you my grandfather\'s partner?', 68, 176),
(110, 0, '...', 176, 177),
(111, 0, 'Edson... Creator of VeloEd.', 177, 178),
(112, 0, '...', 178, 179),
(113, 0, '...', 179, 74),
(114, 0, 'Lie the reason', 32, 152),
(115, 0, '...', 149, 153),
(116, 0, '...', 153, 154),
(117, 0, 'Look at the letter', 154, 155),
(118, 0, 'Look at the photo', 154, 181),
(119, 0, 'Save the letter', 155, 156),
(120, 0, 'Leave the letter in the box', 156, 180),
(121, 0, 'Look at old photos', 156, 180),
(122, 1, 'Look at old photos', 180, 181),
(123, 0, 'Close the box', 180, 47),
(124, 0, '...', 181, 182),
(125, 0, '...', 182, 142),
(126, 0, 'I\'m sorry dad, but I was curious.', 142, 157),
(127, 0, '...', 183, -5),
(128, 0, 'Look at old photos', 184, 181),
(129, 0, 'Close the box', 184, -5),
(130, 0, 'Thinking about it, I don\'t think it will be necessary, sorry Terezinha', 17, 185),
(131, 0, 'Search the souvenir box', 185, 31),
(132, 0, 'Talk to Terezinha again', 185, 186),
(133, 0, 'Can you tell me more about my grandfather?', 186, 18),
(134, 0, 'Do you know anything about my grandfather\'s company?', 186, 25),
(136, 0, '...', 160, 161),
(137, 0, '...', 161, 162),
(138, 0, '...', 162, 163),
(139, 0, '...', 163, 164),
(140, 0, '...', 164, 165),
(141, 0, '...', 165, 166),
(142, 0, '...', 166, 54),
(143, 0, '...', 187, -5),
(144, 0, '...', 157, 158),
(145, 0, 'Get up and walk around the house', 158, 188),
(146, 0, 'Can I visit the company?', 84, 189),
(147, 0, 'I\'m curious to see my grandfather\'s company', 189, 85),
(148, 0, 'I just wanted to experience being there.', 189, 85),
(149, 0, 'Can we go today? Maybe now?', 85, 86),
(150, 0, 'Of course we can, can you tell me where it is?', 86, 87),
(151, 0, '...', 87, 88),
(152, 0, 'Well I have to go now before it gets late', 88, 89),
(153, 0, 'Thank you for your help...', 89, 90),
(154, 0, '...', 90, 190),
(155, 0, '...', 190, 95),
(156, 0, '...', 95, 96),
(157, 0, '...', 96, 191),
(158, 0, '...', 191, 97),
(159, 0, '...', 97, 98),
(160, 0, '...', 98, 99),
(161, 0, '...', 99, 100),
(162, 0, '...', 100, 60),
(163, 0, '...', 101, 102),
(164, 0, '...', 102, 222),
(165, 0, '...', 188, 159),
(166, 0, 'Go drink water and go back to sleep', 159, 192),
(167, 0, '...', 192, 193),
(169, 0, '...', 193, 145),
(170, 0, 'I have to sort out some things, dad. No big deal, are you working late today?', 145, 146),
(171, 0, 'But so suddenly?', 146, 147),
(172, 0, '...', 147, 194),
(173, 0, '...', 194, 195),
(174, 0, '...', 195, 196),
(175, 0, 'Go by bus', 196, 197),
(176, 0, 'Go walking', 196, 187),
(177, 0, '...', 197, 198),
(178, 0, '...', 198, 199),
(179, 0, '...', 199, 200),
(180, 0, '...', 200, 201),
(181, 0, '...', 201, 202),
(182, 0, '...', 202, 203),
(183, 0, '...', 203, 204),
(184, 0, 'So here is your office? By the way, my name is P.P', 204, 205),
(185, 0, 'Interesting, isn\'t my grandfather here?', 205, 206),
(186, 0, '...', 206, 207),
(187, 0, '...', 207, 208),
(188, 0, '...', 103, 104),
(189, 0, 'So here is your office?', 104, 105),
(190, 0, 'Interesting, don\'t you have any photos of my grandfather?', 105, 106),
(191, 0, '...', 106, 107),
(192, 0, 'Messing with the computer', 107, 209),
(193, 0, 'Look in the desk drawer', 107, 108),
(194, 0, 'Look in the desk drawer', 208, 108),
(195, 0, 'Messing with the computer', 208, 209),
(196, 0, '...', 209, 210),
(197, 0, '...', 210, 211),
(198, 0, '...', 211, 212),
(199, 0, '...', 212, -5),
(200, 0, '...', 108, 109),
(201, 0, 'He knew everything... What do you mean? I still hoped', 109, 110),
(202, 0, '...', 110, 111),
(203, 0, 'You knew everything, you were lying to me all this time', 111, 112),
(204, 0, 'You knew everything, you were lying to me all this time', 112, 113),
(205, 0, '...', 113, 114),
(206, 0, 'Not be like my grandfather?? Like this? Tell me the truth now, it\'s enough to have lied so far', 114, 115),
(207, 1, '...', 115, 213),
(208, 1, '...', 213, 116),
(209, 1, '...', 116, 117),
(210, 1, '...', 117, 118),
(211, -1, '...', 118, 119),
(212, 1, 'Alive! We must celebrate. It\'s a great start in our life. Come on Edson, we have to toast our great triumph in Brasília!', 119, 120),
(213, -1, 'I went to the kitchen.', 120, 121),
(214, -1, 'I was pouring the drink into glasses on the central counter until I looked in front of me and stared at the pink flower that was right there...', 121, 122),
(215, -1, 'Ah, this \"Oleander\" plant, so beautiful but so deadly, toxic to all types of beings, even its milky sap can cause us horrible injuries.', 122, 123),
(216, -1, 'I think I can do better than just get him drunk. After serving the drink, I cut a piece of its leaf and root and crushed it as quickly as possible.', 123, 124),
(217, -1, 'When I finished preparing the drinks I took her back towards the living room.', 124, 125),
(218, -1, 'Here’s to our fresh start and great triumph.', 125, 126),
(219, -1, 'I handed the glass into his hand and we soon raised them in the form of a toast, he was about to drink the drink but I preferred to look at him while he enjoyed his last drink...', 126, 127),
(220, -1, 'After having a few more drinks he was already visibly unwell, both from the drink containing the plant\'s poison and from the other drinks ingested.', 127, 128),
(221, -1, 'I think we should conclude an official business contract.', 128, 129),
(222, -1, 'I said, standing up and taking a piece of paper that was right behind me, it was actually an associate contract but I needed your signature if I wanted to force a document...', 129, 130),
(223, -1, 'He hadn\'t even looked at the paper, he had just signed the entire document and I was more than satisfied.', 130, 131),
(224, -1, 'Let me walk you to the door, my friend.', 131, 132),
(225, -1, 'I took him to the door and insisted on taking him to the corner. When we were on the corner I saw him put his hand on his chest.', 132, 133),
(226, -1, 'Those were his last words that I remembered hearing from Edson until he simply fell to the ground.', 133, 134),
(227, 1, '...', 134, 135),
(228, 1, 'So... You were hiding all of this until today, it\'s been years! How did you realize? Didn\'t you feel remorse or guilt? You are a monster', 135, 136),
(229, 1, '...', 136, 137),
(230, 1, '...', 137, 138),
(231, 1, '...', 138, 139),
(232, 1, '...', 139, 140),
(233, 1, 'The choice of my future was in my hands, I could choose the best future but it came in the wrong way or continue with my life normally and act as if this story was no big deal...', 140, 141),
(234, 1, 'Join André', 141, 214),
(235, 1, 'Carry on with life normally', 141, 218),
(236, 1, '...', 83, 84),
(237, 1, '...', 60, 101),
(238, 1, '...', 214, 215),
(239, 1, 'Alright, all for a better future.', 215, 216),
(240, 1, 'He said, already taking the glasses and handing me one.', 216, 217),
(241, 1, '...', 217, -5),
(242, 1, '...', 218, 219),
(243, 1, '...', 219, 220),
(244, 1, '...', 220, 221),
(245, 1, '...', 221, -5),
(246, 1, '...', 222, 223),
(247, 0, '', 223, 224),
(248, 0, '', 224, 225),
(249, 1, '...', 225, 103);

-- --------------------------------------------------------

--
-- Estrutura da tabela `historia`
--

DROP TABLE IF EXISTS `historia`;
CREATE TABLE IF NOT EXISTS `historia` (
  `id_historia` int NOT NULL,
  `texto` varchar(255) DEFAULT NULL,
  `cenario` varchar(255) NOT NULL,
  `personagem` varchar(255) NOT NULL,
  `musica` varchar(255) NOT NULL,
  `nome` varchar(255) NOT NULL,
  `video` varchar(255) NOT NULL,
  `animacao` int NOT NULL,
  PRIMARY KEY (`id_historia`)
) ENGINE=InnoDB DEFAULT CHARSET=utf8mb4 COLLATE=utf8mb4_0900_ai_ci;

--
-- Extraindo dados da tabela `historia`
--

INSERT INTO `historia` (`id_historia`, `texto`, `cenario`, `personagem`, `musica`, `nome`, `video`, `animacao`) VALUES
(-5, NULL, 'fim.png', '', '', '', '', 0),
(-4, 'Viva! Devemos celebrar. É um grande começo em nossa vida. Vamos Edson, temos que brindar sobre o nosso grande triunfo em Brasília!', 'sala-vilao.png', 'silhueta.png', '', '???', '', 0),
(-3, 'Viva! Devemos celebrar. É um grande começo em nossa vida. Vamos Edson, temos que brindar sobre o nosso grande triunfo em Brasília!', 'sala-vilao.png', 'silhueta.png', '', '???', '', 1),
(-2, 'Viva! Devemos celebrar. É um grande começo em nossa vida. Vamos Edson, temos que brindar sobre o nosso grande triunfo em Brasília!', 'sala-vilao.png', 'silhueta.png', '', '???', '', 1),
(-1, NULL, '1972.png', '', '', '', '', 0),
(0, NULL, '2000.png', '', '', '', '', 0),
(1, 'É por este motivo que não citamos mais nada de seu avô, ele simplesmente virou as costas para a própria família, depois de ter sucesso. O dinheiro realmente nos mostra quem somos...', 'cozinha.png', 'pai.png', '', 'João Carlos', '', 0),
(2, 'Se é o que acha, então ok, mas por favor seja justo, não faça o mesmo que ele.', 'cozinha.png', 'pai.png', '', 'João Carlos', '', 0),
(3, 'Se é o que acha, então ok, mas por favor seja justo, não faça o mesmo que ele.', 'cozinha.png', 'pai.png', '', 'João Carlos', '', 1),
(4, 'Se é o que acha, então ok, mas por favor seja justo, não faça o mesmo que ele.', 'cozinha.png', 'pai.png', '', 'João Carlos', '', 1),
(5, 'Vai ver ele parou de ter sucesso e caiu na pobreza novamente ou morreu, sei lá, não me interessa mais.', 'cozinha.png', 'pai.png', '', 'João Carlos', '', 0),
(6, 'Vá dormir meu filho, já está tarde, deve ter algo importante amanhã.\n', 'cozinha.png', 'pai.png', '', 'João Carlos', '', 0),
(7, 'Abri meus olhos e ainda estava de noite, acordei de madrugada de novo? Acho que eu deveria levantar', 'quarto-noite.png', '', '', '', '', 0),
(8, NULL, 'sala-noite.png', '', '', '', '', 0),
(9, NULL, 'sala-noite.png', '', '', '', '', 0),
(10, NULL, 'televisão.png', '', '', '', '', 0),
(11, NULL, 'tv.png', '', '', '', 'tv.mp4', 0),
(12, 'Ao piscar sinto meus olhos se abrindo de uma vez e vejo o teto branco do meu quarto\n', 'quarto.png', '', '', '', '', 0),
(13, 'Depois daquele sonho, algo ficou martelando na minha cabeça, aquela dúvida estava na minha mente. Precisava tirá-la, para isso, deveria...', 'quarto.png', '', '', '', '', 0),
(14, 'Ao sair de casa caminho até o muro amarela da casa de dona Tereza  e bato palmas para chamar a atenção que devia estar em casa pelo grande calor que fazia nas ruas de Brasília.', 'casa-vizinha.png', '', '', '', '', 0),
(15, 'Sempre estava quente e seca, não muito tempo depois vejo a senhora de cabelos grisalhos e amiga de toda vizinhança sair com um sorriso.', 'casa-vizinha.png', '', '', '', '', 0),
(16, 'Bom dia, P.P com o que posso te ajudar?', 'casa-vizinha.png', 'D.tereza.png', '', 'D.Tereza', '', 0),
(17, 'Claro que posso! Sobre o que quer saber?', 'casa-vizinha.png', 'D.tereza.png', '', 'D.Tereza', '', 0),
(18, 'Olha, posso te contar, mas não fale pro seu pai que te contei, ele não iria gostar nem um pouco. Seu avô era muito carinhoso com todos principalmente com a própria família.', 'casa-vizinha.png', 'D.tereza.png', '', 'D.Tereza', '', 0),
(19, 'Depois da empresa carros deles ele teve pouco tempo pra família só que devia ver a felicidade de todos das ruas quando ele apareceu com um fusca novinho.', 'casa-vizinha.png', 'D.tereza.png', '', 'D.Tereza', '', 0),
(20, 'Só que tudo pareceu piorar quando ele apareceu com um tal sócio aí, sempre disse que ele não me cheirava bem. Só sei que esse cara só arrastava seu avô pra outros estados e os dois simplesmente sumiram, nunca mais pisaram os pés na cidade.', 'casa-vizinha.png', 'D.tereza.png', '', 'D.Tereza', '', 0),
(21, 'Acho que esse cara colocou ideia na cabeça dele.', 'casa-vizinha.png', 'D.tereza.png', '', 'D.Tereza', '', 0),
(22, 'O pior que não, nunca fui com a cara dele então nunca falei com ele direito. Sei que às vezes ele aparece na televisão apresentando a empresa, mas não vejo seu avô.', 'casa-vizinha.png', 'D.tereza.png', '', 'D.Tereza', '', 0),
(23, 'Pois é, ele apresenta os carros a venda da loja, mas agora só carrão, acho que o nome da empresa é VeloCar Ed.', 'casa-vizinha.png', 'D.tereza.png', '', 'D.Tereza', '', 0),
(24, 'Por nada meu bem. Mas ó, bico fechado pro seu pai.', 'casa-vizinha.png', 'D.tereza.png', '', 'D.Tereza', '', 0),
(25, 'Bom, sei um pouquinho sobre a empresa dele, posso te contar mas não deve falar ao seu pai que sabe.', 'casa-vizinha.png', 'D.tereza.png', '', 'D.Tereza', '', 0),
(26, 'Sobre a empresa em si, não lembro muita coisa. Me lembro que ele trabalhava bastante e acabava ficando pouco tempo com a família e que piorou quando arrumou um sócio para trabalhar junto.', 'casa-vizinha.png', 'D.tereza.png', '', 'D.Tereza', '', 0),
(27, 'Muitas vezes ele tinha que viajar, talvez para abrir mais empresas até que ele e o sócio sumiram.', 'casa-vizinha.png', 'D.tereza.png', '', 'D.Tereza', '', 0),
(28, 'Concordo, mas esses dias acabei vendo o sócio na televisão , em uma propaganda da empresa, que ainda se chama VeloCar Ed, mas achei estranho não ver seu avô.', 'casa-vizinha.png', 'D.tereza.png', '', 'D.Tereza', '', 0),
(29, 'Sim, Sim. Mas é tudo que sei sobre a empresa dele', 'casa-vizinha.png', 'D.tereza.png', '', 'D.Tereza', '', 0),
(30, 'Concordei com a cabeça virando-me para trás e seguindo de volta para a minha casa. Já tinha tudo que precisava saber depois da conversa com Dona Tereza.', 'casa-vizinha.png', 'D.tereza.png', '', 'D.tereza', '', 0),
(31, 'Caminhei até a sala novamente encontrando meu pai sentado no pequeno sofá assistindo alguma coisa aleatória na TV de tubo que já tínhamos a tempos', 'sala.png', '', '', '', '', 0),
(32, 'Sim, continua em cima do meu armário, porque? precisa de algo?', 'sala.png', 'pai.png', '', 'João Carlos', '', 0),
(33, 'Esqueça P.P, não deve mexer na caixa se for por coisas assim, esqueça essa história de vez! Não toque naquela caixa!', 'sala.png', 'pai.png', '', 'João Carlos', '', 0),
(34, 'Não iria esquecer aquela história assim tão facilmente, me desculpe pai, mas dessa vez não irei te respeitar, eu vou olhar aquela caixa\n', 'sala.png', '', '', '', '', 0),
(35, 'Determinado a descobrir mais sobre o passado, entrei no quarto do meu pai sem ele notar e caminhei direto em direção do seu armário já enxergando a caixa sobre ele.', 'quarto-pai.png', '', '', '', '', 0),
(36, 'Caminhei com cuidado para não fazer barulho tentando alcançá-la, logo que a peguei e abri, vi muitas e muitas coisas, mas teria que ser rápido, meu pai poderia aparecer a qualquer momento, por onde eu deveria começar?', 'quarto-pai.png', '', '', '', '', 0),
(37, 'O que me chamou a atenção foi ter muitas cartas guardadas ainda lacradas\n', 'quarto-pai.png', '', '', '', '', 0),
(38, 'Acho que elas seriam bem importantes para descobrir mais sobre essa história tão estranha.', 'quarto-pai.png', '', '', '', '', 0),
(39, 'Havia muitas cartas destinadas ao meu avô a maioria de familiares, algumas abertas outras após seu sumiço... Mas tinha uma, uma única carta que era diferente de todas as outras', 'quarto-pai.png', '', '', '', '', 0),
(40, 'A segurei em minhas mão lendo o nome baixo\r\n', 'quarto-pai.png', '', '', '', '', 0),
(41, 'Nenhum dos meus parentes tinha esse nome e muito menos esse sobrenome e não tinha outras cartas além de parentes e essa carta. Talvez eu devesse ler', 'quarto-pai.png', '', '', '', '', 0),
(42, 'Abri o papel vendo que já era bem antigo, as folhas já eram amareladas e a caneta parecia meio borrada\r\n', 'carta.png', '', '', '', '', 0),
(43, 'Virei a carta vendo o endereço do qual a carta veio do \"Lago Sul, Quadra 15 conjunto 7\". Acho que isso vai servir depois\r\n', 'carta.png', '', '', '', '', 0),
(44, 'Franzi minha testa, pensando sobre, não foi depois de seu sumiço por que a data não bate com a data das cartas dos meu parentes isso é dois dias antes das outras cartas\n', 'carta.png', '', '', '', '', 0),
(45, 'O que esse André queria? Passei a ler a carta cuidando qualquer barulho que eu escutasse para meu pai não me ver', 'carta.png', '', '', '', '', 0),
(46, 'Virei a carta vendo o endereço, isso deve ser importante', 'sala.png', '', '', '', '', 0),
(47, 'tentei encontrar mais algumas informações e quando estava preste a fechar a caixa escuto algo vindo da porta, levantei meu olhar encontrando meu pai com seus braços cruzados\n', 'quarto-pai.png', '', '', '', '', 0),
(48, 'Rapidamente me levantei deixando a caixa em cima da cama e saí do quarto. Ao menos consegui pegar a carta com o endereço-', 'quarto-noite.png', '', '', '', '', 0),
(49, 'tentei encontrar mais algumas informações e quando estava preste a fechar a caixa escuto algo vindo da porta, levantei meu olhar encontrando meu pai com seus braços cruzados\r\n', 'quarto-pai.png', '', '', '', '', 0),
(50, 'Rapidamente me levantei deixando a caixa em cima da cama e saí do quarto. Acho que eu devia ter pegado aquela carta', 'quarto-noite.png', '', '', '', '', 0),
(51, 'Senti meus olhos abrirem de uma vez, as noites não tem sido boas depois dessa história, tenho ficado com cansaço um tanto grande, eu devia voltar a dormir, amanhã será um dia cheio...', 'quarto-noite.png', '', '', '', '', 0),
(52, 'me levantei saindo para o corredor e vendo a luz do quarto do meu pai ainda acesa e a porta entre aberta', 'quarto-noite.png', '', '', '', '', 0),
(53, 'Senti uma presença atras de mim mas ao me virar nao vejo ninguém, estranhei a sensação me lembrando a mesma sensação do sonho da tv, tomei o copo d\'água e voltei ao meu quarto dormindo-', 'cozinha.png', '', '', '', '', 0),
(54, ' O que vai fazer hoje P.P? ', 'cozinha.png', 'pai.png', '', 'João Carlos', '', 0),
(55, 'Queria tratar sobre isso com você P.P, Vou ter que viajar a trabalho e preciso que cuide de casa, vou deixar dinheiro pra você não se preocupe, volto em uma semana. Fiz minha mala essa madrugada.', 'cozinha.png', 'pai.png', '', 'João Carlos ', '', 0),
(56, 'Tive imprevistos, mas a empresa vai arcar com os custos, então tá tudo bem\n', 'cozinha.png', '', '', 'João Carlos', '', 0),
(57, 'Meu pai havia ido embora, teria tempo de sobra para ver algo sobre meu avô sem me preocupar com meu pai.\n', 'sala.png', '', '', '', '', 0),
(58, 'Eu já tinha algumas pistas por onde começar, devia achar o endereço daquela carta', 'sala.png', '', '', '', '', 0),
(59, 'Ônibus com certeza seria a melhor opção, pois com sua velocidade chegaria antes, já que sol é muito forte na região', 'rua-atual.png', '', '', '', '', 0),
(60, 'Comecei a caminhar por ali procurando a tal empresa do meu avô, será que ele estaria ali por pura coincidência?', 'loja.png', '', '', '', '', 0),
(61, 'Dentro do ônibus retirei a carta do meu bolso para relembrar o endereço que eu deveria ir \"Lago Sul\", o bairro mais caro que já vi existir, é tão imenso e tão chique, o sócio do meu avô deve ter se dado bem... Meu avô mais ainda', 'rua-atual.png', '', '', '', '', 0),
(62, 'Quando saí do ônibus vi o melhor bairro do DF, era lindo, as grandes casas em tons mais neutros e construções minimalista que trazia a sensação de poder, as árvores plantadas de forma planejada e a grama bem mais verde', 'rua-atual.png', '', '', '', '', 0),
(63, 'era algo bem longe da minha realidade, eu devia encontrar a casa do André, não teria tanto problema já que tinha seu endereço para ajudar', 'rua-atual.png', '', '', '', '', 0),
(64, 'Procurei e procurei, enquanto algumas pessoas me olhavam de canto de olho, acho que era possível notar que eu não tinha o mesmo \"nível\" que elas.', 'rua-atual.png', '', '', '', '', 0),
(65, 'Caminhei o bastante para encontrar o endereço do homem misterioso e finalmente encontrei seu endereço, espero que não tenha se mudado', 'casa-vilao.png', '', '', '', '', 0),
(66, 'Esperei por um longo tempo ou eu talvez só estava ansioso para saber se o desconhecido iria aparecer ou não, ele havia se mudado ou morrido?? Será que quem iria aparecer seria meu avô??\n', 'casa-vilao.png', '', '', '', '', 0),
(67, 'Vi a porta se abrir um pouco e logo após um homem alto aparecer quando a porta se abre por completo, seria ele o André o sócio?', 'casa-vilao.png', '', '', '', '', 0),
(68, 'Quando passei pela sua porta vi que sua casa era tão grande quanto por dentro, havia umas quantas decorações espalhadas e que deveriam  custar mais meu rim, vi fotos e quadros espalhados mas nenhuma das fotos tinha meu avô', 'sala-vilao.png', '', '', '', '', 0),
(69, 'Sou eu mesmo, por que? é meu fã??', 'casa-vilao.png', 'andre.png', '', 'André', '', 0),
(70, 'Ah... Você é neto do Edson? Nossa quanto tempo nao vejo alguem da família dele. É, hmm você quer entrar?', 'casa-vilao.png', 'andre.png', '', 'André ', '', 0),
(71, 'Quando passei pela sua porta vi que sua casa era tão grande quanto por dentro, havia umas quantas decorações espalhadas e que deveriam  custar mais meu rim, vi fotos e quadros espalhados mas nenhuma das fotos tinha meu avô', 'sala-vilao.png', '', '', '', '', 0),
(72, 'Vamos, se sente aqui na sala de jantar pra podermos conversar\n', 'sala-vilao.png', 'andre.png', '', 'André ', '', 0),
(73, 'Fiz o que foi dito e quando nos sentamos o encarei, estava um silêncio imenso, não sabia o que dizer, eram tantas perguntas que não sabia por onde começar', 'sala-vilao.png', '', '', '', '', 0),
(74, ' Bom, seu avô era um amigo meu de longa data haha, quanto tempo não ouço falar dele, mas enfim como você me achou??\n', 'sala-vilao.png', 'andre.png', '', 'André ', '', 0),
(75, 'Retirei a carta do meu bolso colocando sobre a mesa, quando olhei em seu rosto vi seus olhos se arregalarem\n', 'sala-vilao.png', '', '', '', '', 0),
(76, ' Essa carta... Como você encontrou isso?!\r\n', 'sala-vilao.png', 'andre.png', '', 'André', '', 0),
(77, 'Sentia o espanto em seu rosto o que me fez estranhar a situação, era só uma carta, nada demais', 'sala-vilao.png', '', '', '', '', 0),
(78, ' Entendo mas pensei que ela havia sido jogada fora\n', 'sala-vilao.png', 'andre.png', '', 'André', '', 0),
(79, 'O silêncio havia se instalado no local, senti que deveria falar algo se não perderia a chance', 'sala-vilao.png', '', '', '', '', 0),
(80, ' Não ao certo. Até porque ele infelizmente me deixou aqui e foi embora da cidade sem me dar explicações.\n', 'sala-vilao.png', 'andre.png', '', 'André', '', 0),
(81, 'O contei com um tom questionador, aquela história parecia mais estranha ainda\n', 'sala-vilao.png', '', '', '', '', 0),
(82, 'A bom, então... Sobre isso', 'sala-vilao.png', 'andre.png', '', 'André', '', 0),
(83, ' Infelizmente não. O máximo que eu sei que aconteceu foi dele ter se mudado de cidade mas não sei para qual cidade ele foi...', 'sala-vilao.png', 'andre.png', '', 'André', '', 0),
(84, 'O interrompendo, fiz a pergunta que mais queria:\r\n', 'sala-vilao.png', '', '', '', '', 0),
(85, 'Claro... A empresa do seu avô, óbvio', 'sala-vilao.png', 'andre.png', '', 'André', '', 0),
(86, ' Bom... A loja não abre hoje mas podemos ir amanhã\n', 'sala-vilao.png', 'andre.png', '', 'André', '', 0),
(87, 'Fica na W3 Sul, não é longe daqui, para qualquer pessoa que perguntar vão saber e responder onde fica', 'sala-vilao.png', 'andre.png', '', 'André', '', 0),
(88, 'afirmei com a cabeça o encarando, talvez eu consiga procurar algo naquela empresa, não confio muito no André ele me é estranho-\r\n', 'sala-vilao.png', '', '', '', '', 0),
(89, 'Me levantei sendo acompanhada por ele até a porta\r\n', 'casa-vilao.png', '', '', '', '', 0),
(90, NULL, 'later.png', '', '', '', '', 0),
(95, 'Um tempo depois já em casa comecei a repensar sobre a conversa com André. Algo nele não me descia bem, ele era estranho  dava pra sentir que uma pessoa que eu não poderia confiar essa pessoa é ele.\n', 'quarto-noite.png', '', '', '', '', 0),
(96, 'Amanhã seria um dia corrido, segui fazendo meus afazeres e logo tratei de me deitar me preparando para um novo dia', 'quarto-noite.png', '', '', '', '', 0),
(97, 'Hoje era o dia de visitar a empresa do meu avô, aquele momento querendo ou não era importante. Acho que dessa maneira eu seria capaz de me sentir mais próxima do meu avô e saber o que havia acontecido com ele', 'quarto.png', '', '', '', '', 0),
(98, 'Sai de casa indo direto para a parada para esperar o ônibus para poder ir pra W3 Sul, a grande área de comércio e indústrias muito famosa, com grandes marcas espalhadas por todas sua região.\r\n', 'rua-atual.png', '', '', '', '', 0),
(99, 'Não foi muito tempo gasto até a chegada do ônibus no qual entrei e logo fui para a área que eu devia encontrar André', 'rua-atual.png', '', '', '', '', 0),
(100, 'Chegando na W3 Sul observei a paisagem de uma das vias mais movimentadas de Brasília, várias pessoas circulavam por ali ainda mais no horário comercial.', 'rua-atual.png', '', '', '', '', 0),
(101, 'Eu estava diante da faixada da loja de carros, eu estava feliz por saber que teria como estar mais perto do meu avô.\r\n', 'rua-atual.png', '', '', '', '', 0),
(102, 'Quando entrei na loja conversei com o atendente contando que estava ali para encontrar o André.', 'loja.png', '', '', '', '', 0),
(103, ' Que bom que veio P.P, estava te esperando, vamos conversar no meu escritório\r\n', 'loja.png', 'andre.png', '', 'André', '', 0),
(104, 'Caminhei o seguindo pelo longo corredor chegando a sua sala onde me sentei observando todo local, havia fotos e fotos do André espalhadas pelo cômodo', 'escritorio-vilao.png', '', '', '', '', 0),
(105, ' Isso mesmo, tudo que á de mais importante e valioso para mim se encontra aqui.\r\nP.P- Interessante, não tem fotos do meu avô?', 'escritorio-vilao.png', 'andre.png', '', 'André', '', 0),
(106, 'Hoje está meio quente né? Acho melhor buscar um pouco de água para tomarmos enquanto conversamos.', 'escritorio-vilao.png', 'andre.png', '', 'André', '', 0),
(107, 'O vi sair de forma meio apressada da sala, acho que ele quer evitar ao máximo falar sobre meu avô... Talvez esse fosse o momento perfeito para mexer em suas coisa é capaz encontrar algo importante', 'escritorio-vilao.png', '', '', '', '', 0),
(108, 'Me levantei indo em direção de sua escrivaninha, e decidido abri sua gaveta para procurar qualquer coisa que parecesse importante.', 'escritorio-vilao.png', '', '', '', '', 0),
(109, 'Enquanto revirava a sua gaveta achei dois papeis um atestado de óbito no nome do meu avô e um testamento no nome do mesmo para o André, senti meus olhos arderem por conta da vontade de chorar...', 'escritorio-vilao.png', '', '', '', '', 0),
(110, ' Estava segurando os dois papeis em minha frente até notar o ranger da porta atrás de mim\r\n', 'escritorio-vilao.png', '', '', '', '', 0),
(111, 'O que você está fazendo?!', 'escritorio-vilao.png', 'andre.png', '', 'André', '', 0),
(112, ' Eu posso lhe explicar, é sério', 'escritorio-vilao.png', 'andre.png', '', 'André', '', 0),
(113, 'Escutei André soltar uma risada irônica... Eu só queria a verdade\r\n', 'escritorio-vilao.png', '', '', '', '', 0),
(114, ' Não haja como um tolo, P.p. Em quem você acha que ele vão acreditar? Em uma pessoa rica capaz de tudo ou... Em uma pessoa de classe baixa? Não seja como seu avô.\r\n', 'escritorio-vilao.png', 'andre.png', '', 'André', '', 0),
(115, 'Sério mesmo que você acreditou que uma pessoa tão baixa chegaria em um patamar tão alto sozinha? A última coisa que você é burro P.P... Você quer a verdade certo? Então eu vou te contar', 'escritorio-vilao.png', 'andre.png', '', 'André ', '', 0),
(116, 'Havíamos feito uma grande venda naquele ano, o sucesso estava muito próximo da nossa porta, mas tinha um problema chamado \"Edson\".', 'escritorio-vilao.png', 'andre.png', '', 'André', '', 0),
(117, ' Ele estava cansado por não ter tempo com a família, não queria perder todo o tempo que possuía para aumentar a empresa e aquilo era burrice da parte dele, ele tinha um monopólio inteiro a sua frente.\r\n', 'escritorio-vilao.png', 'andre.png', '', 'André', '', 0),
(118, ' Eu teria que resolver isso sozinho...', 'escritorio-vilao.png', 'andre.png', '', 'André', '', 0),
(119, NULL, 'sala-vilao.png', '', '', '', '', 0),
(120, 'Vamos comemorar então! Pegue uma de suas bebidas e vamos comemorar!', 'sala-vilao.png', 'edson.png', '', 'Edson', '', 0),
(121, NULL, 'cozinha-vilao.png', '', '', '', '', 0),
(122, NULL, 'cozinha-vilao.png', '', '', '', '', 0),
(123, NULL, 'cozinha-vilao.png', '', '', '', '', 0),
(124, NULL, 'cozinha-vilao.png', '', '', '', '', 0),
(125, NULL, 'sala-vilao.png', '', '', '', '', 0),
(126, NULL, 'sala-vilao.png', '', '', '', '', 0),
(127, NULL, 'sala-vilao.png', '', '', '', '', 0),
(128, NULL, 'sala-vilao.png', '', '', '', '', 0),
(129, 'Uhum.... E-eu também acho, me dê, deixa eu assinar.\r\n', 'sala-vilao.png', 'edson.png', '', 'Edson', '', 0),
(130, NULL, 'sala-vilao.png', '', '', '', '', 0),
(131, 'Acho melhor eu ir, não estou me sentindo bem... Estou com um enjoo e dor de cabeça muito forte\n', 'sala-vilao.png', 'edson.png', '', 'Edson', '', 0),
(132, NULL, 'sala-vilao.png', '', '', '', '', 0),
(133, 'André, eu não estou bem, me ajude...', 'sala-vilao.png', 'edson.png', '', 'Edson', '', 0),
(134, NULL, '2000.png', '', '', '', '', 0),
(135, NULL, 'escritorio-vilao.png', '', '', '', '', 0),
(136, 'Longos anos e nada deu errado até agora. Se você não tivesse me encontrado, tudo ainda estaria perfeito... Acha mesmo que eu sentiria culpa? Eu fiz o que devia ser feito...\nP.P ...', 'escritorio-vilao.png', 'andre.png', '', 'André', '', 0),
(137, 'Mas já que descobriu só tem uma coisa a ser feita... P.P, por que não se junta a mim?', 'escritorio-vilao.png', 'andre.png', '', 'André', '', 0),
(138, 'Pense, Você tem o sucesso batendo a sua porta, vamos lá!', 'escritorio-vilao.png', 'andre.png', '', 'André', '', 0),
(139, 'Não faça a escolha errada, você pode se juntar a mim ou então continuar nessa sua vida miserável e ver o que acontece...\n', 'escritorio-vilao.png', 'andre.png', '', 'André', '', 0),
(140, NULL, 'escritorio-vilao.png', '', '', '', '', 0),
(141, NULL, 'escritorio-vilao.png', '', '', '', '', 0),
(142, ' O que eu te disse? para não olhar a caixa, certo?\r\n', 'quarto-pai.png', 'pai.png', '', 'João Carlos', '', 0),
(143, ' Ainda acordado P.P? Devia ir dormir\r\n', 'sala.png', 'pai.png', '', 'João Carlos', '', 0),
(144, 'Toma e vá dormir, está tarde.\r\n', 'sala.png', 'pai.png', '', 'João Carlos', '', 0),
(145, ' O que vai fazer hoje P.P?\r\n', 'sala.png', 'pai.png', '', 'Joao carlos', '', 0),
(146, 'Queria tratar sobre isso com você P.P, Vou ter que viajar a trabalho e preciso que cuide de casa, vou deixar dinheiro pra você não se preocupe, volto em uma semana. Fiz minha mala essa madrugada', 'sala.png', 'pai.png', '', 'Joao carlos', '', 0),
(147, ' Tive imprevistos, mas a empresa vai arcar com os custos, então tá tudo bem', 'sala.png', 'pai.png', '', 'Joao carlos', '', 0),
(148, 'Esqueça P.P, Não deve mexer na caixa se for por coisas assim. Esqueça essa história de vez! Não toque naquela caixa!', 'sala.png', 'pai.png', '', 'João Carlos', '', 0),
(149, 'Pode olhar, fica em cima do meu armário. Toma cuidado para não derrubar', 'sala.png', 'pai.png', '', 'João Carlos', '', 0),
(150, ' Ainda acordado P.P? Devia ir dormir\n', 'sala.png', 'pai.png', '', 'João Carlos', '', 0),
(151, ' Toma e vá dormir, está tarde.\n', 'sala.png', 'pai.png', '', 'João Carlos', '', 0),
(152, 'Não deveria falar a verdade, talvez ele não fosse gostar de saber o porquê de eu querer aquela caixa-\n', 'sala.png', '', '', '', '', 0),
(153, 'Chegando em seu quarto logo vi a grande caixa de lembranças colocada sobre o armário, logo a peguei e abri vendo varias de nossas lembranças em um único lugar-\n', 'quarto-pai.png', '', '', '', '', 0),
(154, 'Quando comecei a mexer encontrei várias coisas do meu avô, mas só duas coisas me chamaram a atenção: uma carta direcionada a ele e algumas fotos antigas', 'quarto-pai.png', '', '', '', '', 0),
(155, 'Abri a carta vendo o nome de quem enviou \"André Nunes\". Será esse o sócio com o qual meu avô fugiu?\n', 'carta.png', '', '', '', '', 0),
(156, 'virei a carta vendo o endereço do qual a carta veio do \"Lago Sul, Quadra 15 conjunto 7\". Acho que isso vai servir depois', 'carta.png', '', '', '', '', 0),
(157, 'fechei a caixa e a coloquei em cima do guarda-roupa novamente. Saí do quarto em direção ao meu quarto, já estava tarde devia me deitar', 'quarto-pai.png', '', '', '', '', 0),
(158, 'Senti meus olhos abrirem de uma vez, as noites não tem sido boas depois dessa história, tenho ficado com cansaço um tanto grande, eu devia voltar a dormir, amanhã será um dia cheio...', 'quarto-noite.png', '', '', '', '', 0),
(159, 'me levantei saindo para o corredor e vendo a luz do quarto do meu pai ainda acesa e a porta entre aberta', 'sala.png', '', '', '', '', 0),
(160, 'Caminhei até a porta e coloquei meu olho na fresta da porta vendo meu pai sentado em sua cama encarando um jornal já meio apagado e amarelado, devia ser bem antigo. ', 'sala.png', '', '', '', '', 0),
(161, 'Continuei o observando por alguns segundos até ver ele colocar o jornal na caixa de lembranças e se levantar\r\n', 'sala.png', '', '', '', '', 0),
(162, 'Sai da porta tão rapido quando apareci ali e acelerei meus passos em direção a cozinha para tomar água-', 'cozinha.png', '', '', '', '', 0),
(163, 'Ainda acordado P.P? Devia ir dormir', 'cozinha.png', 'pai.png', '', 'João Carlos', '', 0),
(164, 'Acordei do nada, vim tomar um copo de água antes de me deitar novamente...\n', 'cozinha.png', '', '', '', '', 0),
(165, ' Toma e vá dormir, está tarde.\r\n', 'cozinha.png', 'pai.png', '', 'João Carlos', '', 0),
(166, ' Ele se virou e seguiu em direção ao quarto e após eu tomar minha água fiz o mesmo, me deitando e dormindo de vez.', 'cozinha.png', '', '', '', '', 0),
(169, 'Eu te pedi para não mexer, por que não obedeceu? Feche essa caixa e saia do quarto.', 'quarto-pai.png', 'pai.png', '', 'João Carlos', '', 0),
(170, 'Eu te pedi para não mexer, por que não obedeceu? Feche essa caixa e saia do quarto.', 'quarto-pai.png', 'pai.png', '', 'João Carlos', '', 0),
(171, NULL, 'later.png', '', '', '', '', 0),
(172, NULL, 'later.png', '', '', '', '', 0),
(173, 'Antes de ter curiosidade sobre a história meu pai havia me contado sobre tudo, sobre meu avô,  sobre a empresa e até sobre você', 'sala-vilao.png', '', '', '', '', 0),
(174, 'Então foi assim que teve a curiosidade de me procurar. Bom o seu avô ele...', 'sala-vilao.png', 'andre.png', '', 'André', '', 0),
(175, 'Há um tempo atrás tive um sonho meio estranho, sonhei que havia me levantado de noite e a TV havia ligado sozinha, a tela estava piscando o nome do meu avô e me fazia várias perguntas...', 'sala-vilao.png', '', '', '', '', 0),
(176, 'Para começar quem é seu avô?', 'casa-vilao.png', 'andre.png', '', 'André', '', 0),
(177, 'Como ele não conhece meu avô se ele é o tal sócio da empresa? Foi meu avô quem criou esse negócio seria impossível não conhecê-lo', 'casa-vilao.png', '', '', '', '', 0),
(178, 'Seu rosto tinha uma expressão de espanto mas não tão evidente', 'casa-vilao.png', '', '', '', '', 0),
(179, 'Ah sim, o conheço.', 'casa-vilao.png', 'andre.png', '', 'André', '', 0),
(180, 'O que eu faço agora?', 'quarto-pai.png', '', '', '', '', 0),
(181, 'Ué? ta rasgada e parece de propósito... Quem é esse do lado do meu avô? Será que é o tal sócio que o fez se mudar?', 'foto.png', '', '', '', '', 0),
(182, 'Escutei um barulho na porta e automaticamente olhei na direção, vendo meu pai parado de braços cruzados me olhando.', 'quarto-pai.png', '', '', '', '', 0),
(183, 'Respeitei sua decisão, talvez eu realmente devesse deixar essa história de lado, deve ser coisa somente da minha cabeça. Acabei esquecendo após um tempo, mas por que não posso ver a caixa?', 'sala.png', '', '', '', '', 0),
(184, 'O que faço agora?', 'quarto-pai.png', '', '', '', '', 0),
(185, 'O que faço agora?', 'quarto-pai.png', '', '', '', '', 0),
(186, 'Claro que posso! Sobre o que quer saber?', 'casa-vizinha.png', 'D.tereza.png', '', 'D.Tereza', '', 0),
(187, 'O caminho era longo. A cidade se encontrava muito seca por conta de vários dias sem chover, a região estava muito quente. O sol quente e clima abafado não me ajudaram, senti minha cabeça queimar e minha visão ficar turva...', 'rua-atual.png', '', '', '', '', 0),
(188, 'Acho melhor tomar um copo d\'água antes de voltar a dormir.', 'quarto-noite.png', '', '', '', '', 0),
(189, 'Ah claro, mas por quê?', 'sala-vilao.png', '', '', '', '', 0),
(190, NULL, 'later.png', '', '', '', '', 0),
(191, NULL, 'later.png', '', '', '', '', 0),
(192, 'Senti uma presença atrás de mim mas ao me virar não vejo ninguém, estranhei a sensação me lembrando a mesma sensação do sonho da TV, tomei o copo d\'água e voltei ao meu quarto dormindo', 'cozinha.png', '', '', '', '', 0),
(193, NULL, 'later.png', '', '', '', '', 0),
(194, NULL, 'later.png', '', '', '', '', 0),
(195, 'Meu pai havia ido embora, teria tempo de sobra para ver algo sobre meu avô sem me preocupar com meu pai.', 'sala.png', '', '', '', '', 0),
(196, 'Eu já tinha algumas pistas por onde começar, devia achar aquele local da foto, não deve ter mudado tanto já que era obvio que era a área da W3 Sul', 'sala.png', '', '', '', '', 0),
(197, 'Ônibus com certeza seria a melhor opção, o sol é muito forte na região não deveria arriscar pegar uma insolação.', 'rua-atual.png', '', '', '', '', 0),
(198, 'Dentro do ônibus retirei a carta do meu bolso para relembrar o endereço que eu deveria ir \"W3 Sul\", o bairro mais industrializado que já vi existir, é tão imenso e tão cheio', 'rua-atual.png', '', '', '', '', 0),
(199, 'Quando saí do ônibus vi a área mais movimentada do DF, era lindo, as grandes construções de lojas chamativas, os ipês amarelos plantados de forma planejada', 'rua-atual.png', '', '', '', '', 0),
(200, 'eu devia encontrar loja do meu avô, não teria tanto problema já que tinha grandes placas espalhadas pela rua-', 'rua-atual.png', '', '', '', '', 0),
(201, 'Não demorei para encontrar a loja já que de longe eu enxergava diversos carros de luxo em uma vitrine e o nome brilhante na placa, era aqui que eu encontraria meu avô. ', 'loja.png', '', '', '', '', 0),
(202, 'Conversei com o atendente lhe contando um pouco e falando que queria conversar com o dono mas me surpreendeu ao ver uma pessoa totalmente diferente... O sócio', 'loja.png', '', '', '', '', 0),
(203, 'Olá, sou o André, me contaram sobre você nesse momento, será que podemos conversar na minha sala?', 'loja.png', 'andre.png', '', 'André', '', 0),
(204, 'Caminhei o seguindo pelo longo corredor chegando a sua sala onde me sentei observando todo local, havia fotos e fotos do André espalhadas pelo cômodo, ele era meio egocêntrico pelo jeito e talvez ele me assuste um pouco', 'escritorio-vilao.png', '', '', '', '', 0),
(205, 'Isso mesmo, tudo que á de mais importante e valioso para mim se encontra aqui.', 'escritorio-vilao.png', 'andre.png', '', 'André', '', 0),
(206, 'Hoje está meio quente né? Acho melhor buscar um pouco de água para tomarmos enquanto conversamos mais sobre esse assunto.', 'escritorio-vilao.png', 'andre.png', '', 'André', '', 0),
(207, 'O vi sair de forma meio apressada da sala, acho que ele quer evitar ao máximo falar sobre meu avô... Ele parecia assustado quando citei sobre meu avô, ele já devia saber quem era. ', 'escritorio-vilao.png', '', '', '', '', 0),
(208, 'Talvez esse fosse o momento perfeito para mexer em suas coisa é capaz encontrar algo importante, já que ele não estava mais na sala e era capaz de demorar.', 'escritorio-vilao.png', '', '', '', '', 0),
(209, 'Decidi que o melhor a se fazer era olhar o computador, é óbvio que qualquer coisa importante estaria ali.', 'escritorio-vilao.png', '', '', '', '', 0),
(210, 'Me levantei e sentei na cadeira disposta em frente ao computador, ao ligar a tela notei \"Digite a senha\" a ideia foi por água abaixo, como eu iria saber aquilo? ', 'escritorio-vilao.png', '', '', '', '', 0),
(211, 'Tentei várias e várias vezes mas nenhuma senha se encaixava, eu estava prestes a tentar mais uma vez até escutar o barulho do ranger da porta e ao me virar para trás...', 'escritorio-vilao.png', '', '', '', '', 0),
(212, 'O que você está fazendo?!', 'escritorio-vilao.png', 'andre.png', '', 'André', '', 0),
(213, NULL, '1972.png', '', '', '', '', 0),
(214, 'Talvez isso possa mudar minha vida para melhor e eu consiga dar tudo que há de bom para meu pai... Eu aceito André', 'escritorio-vilao.png', '', '', '', '', 0),
(215, 'Que bom que soube pensar, mas saiba que nunca deve contar sobre o que sabe desta história para ninguém...', 'escritorio-vilao.png', 'andre.png', '', 'André', '', 0),
(216, 'Não esta fazendo nada de errado, que tal um brinde para comemorar?', 'escritorio-vilao.png', 'andre.png', '', 'André', '', 0),
(217, 'É um grande começo em sua vida. temos que brindar sobre o seu grande triunfo em Brasília!', 'escritorio-vilao.png', 'andre.png', '', 'André', '', 0),
(218, 'Quem você pensa que eu sou? Acha mesmo que eu irei ser um ser tão horrível igual a você?? Você matou o meu avô!', 'escritorio-vilao.png', '', '', '', '', 0),
(219, 'Saiba de uma coisa P.P, você foi capaz de descobrir tudo mas se por algum acaso abrir a boca, sua vida será pior do que já é, eu tenho tudo que o dinheiro possa comprar então te aconselho a voltar de onde veio e calar a sua boca.', 'escritorio-vilao.png', 'andre.png', '', 'André', '', 0),
(220, 'Saí de seu escritório sem reação, só havia virado as costas e ido embora, minha vida não seria a mesma depois de saber aquilo mas não havia o que fazer... ', 'rua-atual.png', '', '', '', '', 0),
(221, 'Somente eu iria saber a verdade de tudo aquilo e teria que levar esse segredo para o túmulo comigo.', 'rua-atual.png', '', '', '', '', 0),
(222, 'Enquanto o sócio não aparecia, perguntei para o atendente que dos carros era mais rápido', 'loja.png', '', '', '', '', 0),
(223, 'ele me disse que o carro mais rápido na loja, que era o Mustang com uma potência de 190 cavalos a 5.250 rpm e um torque de 220 lb-ft a 2.750 rpm.', 'loja.png', '', '', '', '', 0),
(224, 'e com consumo de 7,2 km/l na cidade e de 11 km/l na estrada.', 'loja.png', '', '', '', '', 0),
(225, 'e o mais econômico era o Chevrolet Vectra Challenge, com um consumo de 9,3 km/L e 10,6 km/L', 'loja.png', '', '', '', '', 0);

-- --------------------------------------------------------

--
-- Estrutura da tabela `historiaen`
--

DROP TABLE IF EXISTS `historiaen`;
CREATE TABLE IF NOT EXISTS `historiaen` (
  `id_historia` int NOT NULL,
  `texto` varchar(255) CHARACTER SET utf8mb4 COLLATE utf8mb4_general_ci DEFAULT NULL,
  `cenario` varchar(255) CHARACTER SET utf8mb4 COLLATE utf8mb4_general_ci NOT NULL,
  `personagem` varchar(255) CHARACTER SET utf8mb4 COLLATE utf8mb4_general_ci NOT NULL,
  `musica` varchar(255) CHARACTER SET utf8mb4 COLLATE utf8mb4_general_ci NOT NULL,
  `nome` varchar(255) CHARACTER SET utf8mb4 COLLATE utf8mb4_general_ci NOT NULL,
  `video` varchar(255) CHARACTER SET utf8mb4 COLLATE utf8mb4_general_ci NOT NULL,
  `animacao` int NOT NULL,
  PRIMARY KEY (`id_historia`)
) ENGINE=InnoDB DEFAULT CHARSET=utf8mb4 COLLATE=utf8mb4_general_ci;

--
-- Extraindo dados da tabela `historiaen`
--

INSERT INTO `historiaen` (`id_historia`, `texto`, `cenario`, `personagem`, `musica`, `nome`, `video`, `animacao`) VALUES
(-5, NULL, 'end.png', '', '', '', '', 0),
(-4, 'Alive! We must celebrate. It\'s a great start in our life. Come on Edson, we have to toast our great triumph in Brasília!', 'sala-vilao.png', 'silhueta.png', '', '???', '', 0),
(-3, 'Alive! We must celebrate. It\'s a great start in our life. Come on Edson, we have to toast our great triumph in Brasília!', 'sala-vilao.png', 'silhueta.png', '', '???', '', 1),
(-2, 'Alive! We must celebrate. It\'s a great start in our life. Come on Edson, we have to toast our great triumph in Brasília!', 'sala-vilao.png', 'silhueta.png', '', '???', '', 1),
(-1, NULL, '1972.png', '', '', '', '', 0),
(0, NULL, '2000.png', '', '', '', '', 0),
(1, 'That\'s why we don\'t talk about your grandfather anymore, he simply turned his back on his own family, after becoming successful. Money really shows us who we are...', 'cozinha.png', 'pai.png', '', 'João Carlos', '', 0),
(2, 'If that\'s what you think, but please be fair, don\'t do the same as him.\r\n–So I saw my father carrying on doing his tasks while I was still processing the story. Why would my grandfather do this? And if this success was so great, why did I never see it bei', 'cozinha.png', 'pai.png', '', 'João Carlos', '', 0),
(3, 'If that\'s what you think, but please be fair, don\'t do the same as him.\n–So I saw my father carrying on doing his tasks while I was still processing the story. Why would my grandfather do this? And if this success was so great, why did I never see it bein', 'cozinha.png', 'pai.png', '', 'João Carlos', '', 1),
(4, 'If that\'s what you think, but please be fair, don\'t do the same as him.\r\n–So I saw my father carrying on doing his tasks while I was still processing the story. Why would my grandfather do this? And if this success was so great, why did I never see it bei', 'cozinha.png', 'pai.png', '', 'João Carlos', '', 1),
(5, 'Maybe he stopped being successful and fell into poverty again or died, I don\'t know, I don\'t care anymore.', 'cozinha.png', 'pai.png', '', 'João Carlos', '', 0),
(6, 'Go to sleep my son, it\'s already late, there must be something important tomorrow.\r\n-And so I did, I went to my room, throwing myself on my comfortable bed and falling asleep-', 'cozinha.png', 'pai.png', '', 'João Carlos', '', 0),
(7, 'I opened my eyes and it was still night, did I wake up at dawn again? I think I should get up-', 'quarto-noite.png', '', '', '', '', 0),
(8, NULL, 'sala-noite.png', '', '', '', '', 0),
(9, NULL, 'sala-noite.png', '', '', '', '', 0),
(10, NULL, 'televisão.png', '', '', '', '', 0),
(11, NULL, 'tv.png', '', '', '', 'tven.mp4', 0),
(12, 'When I blink I feel my eyes opening at once and I see the white ceiling of my room-\n', 'quarto.png', '', '', '', '', 0),
(13, 'After that dream, something kept ringing in my head, that doubt was in my mind. I needed to take it off, to do that I should:', 'quarto.png', '', '', '', '', 0),
(14, 'As I leave the house, I walk up to the yellow wall of Dona Tereza\'s house and clap my hands to draw attention to the fact that I should have been at home due to the heat in the streets of Brasília', 'casa-vizinha.png', '', '', '', '', 0),
(15, 'which was always hot and dry, not long later I see the gray-haired lady and friend of the entire neighborhood leave with a smile.\r\n', 'casa-vizinha.png', '', '', '', '', 0),
(16, 'Good morning, P.P, what can I help you with?\r\n', 'casa-vizinha.png', 'D.tereza.png', '', 'D.Tereza', '', 0),
(17, 'Of course I can! What do you want to know about?', 'casa-vizinha.png', 'D.tereza.png', '', 'D.Tereza', '', 0),
(18, 'Look, I can tell you, but don\'t tell your father that I told you, he wouldn\'t like it one bit. His grandfather was very affectionate with everyone, especially his own family', 'casa-vizinha.png', 'D.tereza.png', '', 'D.Tereza', '', 0),
(19, 'but he must have seen everyone\'s happiness on the streets when he showed up with a brand new Beetle.', 'casa-vizinha.png', 'D.tereza.png', '', 'D.Tereza', '', 0),
(20, 'But everything seemed to get worse when he showed up with a guy there, I always said he didn\'t smell good to me.\r\n', 'casa-vizinha.png', 'D.tereza.png', '', 'D.Tereza', '', 0),
(21, 'All I know is that this guy just dragged his grandfather to other states and they both simply disappeared, never setting foot in the city again. I think this guy put an idea in his head.\n', 'casa-vizinha.png', 'D.tereza.png', '', 'D.Tereza', '', 0),
(22, 'The worst part is, I never liked him so I never spoke to him properly. I know he sometimes appears on television presenting the company, but I don\'t see his grandfather.', 'casa-vizinha.png', 'D.tereza.png', '', 'D.Tereza', '', 0),
(23, 'Dona Teresa- Yes, he presents the cars for sale in the store, but now only cars, I think the name of the company is VeloCar Ed.', 'casa-vizinha.png', 'D.tereza.png', '', 'D.Tereza', '', 0),
(24, 'Not at all, my dear. But hey, keep your mouth shut for your father.\r\n', 'casa-vizinha.png', 'D.tereza.png', '', 'D.Tereza', '', 0),
(25, 'Yes, he presents the cars for sale in the store, but now only cars, I think the name of the company is VeloCar Ed.\r\n', 'casa-vizinha.png', 'D.tereza.png', '', 'D.Tereza', '', 0),
(26, 'Not at all, my dear. But hey, keep your mouth shut for your father.\r\n', 'casa-vizinha.png', 'D.tereza.png', '', 'D.Tereza', '', 0),
(27, '-I nodded, turning back and heading back to my house. I already had everything I needed to know after my conversation with Dona Tereza, but now this company... Where is it?-', 'casa-vizinha.png', 'D.tereza.png', '', 'D.Tereza', '', 0),
(28, 'I agree, but these days I ended up seeing the partner on television, in an advertisement for the company, which is still called VeloCar Ed, but I thought it was strange not seeing his grandfather.', 'casa-vizinha.png', 'D.tereza.png', '', 'D.Tereza', '', 0),
(29, 'Yes, yes. But that\'s all I know about his company', 'casa-vizinha.png', 'D.tereza.png', '', 'D.Tereza', '', 0),
(30, 'I nodded, turning back and heading back to my house. I already had everything I needed to know after my conversation with Dona Tereza, but now this company... Where is it?-', 'casa-vizinha.png', 'D.tereza.png', '', 'D.Tereza', '', 0),
(31, '-I walked to the living room again finding my father sitting on the small sofa watching something random on the tube TV that we had had for a while-', 'sala.png', '', '', '', '', 0),
(32, 'Yes, why is it still on top of my closet? Do you need something?', 'sala.png', 'pai.png', '', 'João Carlos', '', 0),
(33, 'Forget P.P, you shouldn\'t touch the box if it\'s for things like that, forget this story once and for all! Don\'t touch that box!', 'sala.png', 'pai.png', '', 'João Carlos', '', 0),
(34, 'I wouldn\'t forget that story that easily, I\'m sorry dad, but this time I won\'t respect you, I\'ll look at that box', 'sala.png', '', '', '', '', 0),
(35, 'Determined to find out more about the past, I entered my father\'s room without him noticing and walked straight towards his closet, already seeing the box on top of it.', 'quarto-pai.png', '', '', '', '', 0),
(36, 'I walked carefully so as not to make any noise trying to reach it, as soon as I picked it up and opened it, I saw many, many things, but it would have to be quick, my father could appear at any moment, where should I start?', 'quarto-pai.png', '', '', '', '', 0),
(37, 'I opened the paper and saw that it was already quite old, the pages were already yellowed and the pen looked a little smudged', 'quarto-pai.png', '', '', '', '', 0),
(38, 'I think they would be very important to discover more about this strange story.', 'quarto-pai.png', '', '', '', '', 0),
(39, 'There were many letters addressed to my grandfather, most of them from family members, some opened, others after his disappearance... But there was one, a single letter that was different from all the others', 'quarto-pai.png', '', '', '', '', 0),
(40, 'I held it in my hands reading the name below', 'quarto-pai.png', '', '', '', '', 0),
(41, 'None of my relatives had that name, much less that surname and I had no letters other than relatives and this letter. Maybe I should read', 'quarto-pai.png', '', '', '', '', 0),
(42, 'I opened the paper and saw that it was already quite old, the pages were already yellowed and the pen looked a little smudged', 'carta.png', '', '', '', '', 0),
(43, 'I turned the letter over seeing the address from which the letter came from \"Lago Sul, Quadra 15 set 7\". I think this will come in handy later', 'carta.png', '', '', '', '', 0),
(44, 'I frowned, thinking about it, it wasn\'t after his disappearance because the date doesn\'t match the date of the letters from my relatives, that\'s two days before the other letters', 'carta.png', '', '', '', '', 0),
(45, 'What did this André want? I started reading the letter, being careful about any noise I heard so my father wouldn\'t see me.', 'carta.png', '', '', '', '', 0),
(46, 'This letter... Does it mean that the last person my grandfather saw was actually that partner?... André? Is that his name?', 'sala.png', '', '', '', '', 0),
(47, 'I turned the letter over seeing the address, this must be important', 'quarto-pai.png', '', '', '', '', 0),
(48, 'I tried to find some more information and when I was about to close the box I heard something coming from the door, I looked up and found my father with his arms crossed\n', 'quarto-noite.png', '', '', '', '', 0),
(49, 'I asked you not to move, why didn\'t you obey? close that box and leave the room.\n', 'quarto-pai.png', '', '', '', '', 0),
(50, 'I quickly got up, leaving the box on the bed and left the room. At least I managed to get the letter with the address', 'quarto-noite.png', '', '', '', '', 0),
(51, 'I felt my eyes open at once, the nights haven\'t been good after that story, I\'ve been feeling a bit tired, I should go back to sleep, tomorrow will be a busy day...', 'quarto-noite.png', '', '', '', '', 0),
(52, 'I got up going out into the hallway and seeing the light in my father\'s room was still on and the door was open.\n', 'quarto-noite.png', '', '', '', '', 0),
(53, 'I felt a presence behind me but when I turned around I didn\'t see anyone, I found the sensation strange, reminding me of the same feeling in the dream on TV, I drank the glass of water and went back to my room sleeping', 'cozinha.png', '', '', '', '', 0),
(54, ' What are you going to do today P.P?', 'cozinha.png', 'pai.png', '', 'João Carlos', '', 0),
(55, 'I wanted to discuss this with you P.P, I\'m going to have to travel for work and I need you to take care of the house, I\'ll leave money for you don\'t worry, I\'ll be back in a week. I packed my suitcase this morning.', 'cozinha.png', 'pai.png', '', 'João Carlos', '', 0),
(56, 'I had unforeseen events, but the company will bear the costs, so it\'s okay', 'cozinha.png', '', '', '', '', 0),
(57, 'My father was gone, I would have plenty of time to see something about my grandfather without worrying about my father.', 'sala.png', '', '', '', '', 0),
(58, 'I already had some clues where to start, I should find the address of that letter', 'sala.png', '', '', '', '', 0),
(59, 'Bus would definitely be the best option, as with its speed it would arrive sooner, as the sun is very strong in the region', 'rua-atual.png', '', '', '', '', 0),
(60, 'I started walking around looking for my grandfather\'s company, could he be there by pure coincidence?', 'loja.png', '', '', '', '', 0),
(61, 'Inside the bus I took the letter out of my pocket to remind me of the address I was supposed to go to \"Lago Sul\", the most expensive neighborhood I\'ve ever seen exist, it\'s so huge and so chic, my grandfather\'s partner must have gotten along well... My gr', 'rua-atual.png', '', '', '', '', 0),
(62, 'When I got off the bus I saw the best neighborhood in the DF, it was beautiful, the big houses in more neutral tones and minimalist constructions that brought the feeling of power, the trees planted in a planned way and the grass much greener', 'rua-atual.png', '', '', '', '', 0),
(63, 'it was something very far from my reality, I should find André\'s house, it wouldn\'t be so much of a problem since I had his address to help-', 'rua-atual.png', '', '', '', '', 0),
(64, 'I searched and searched, while some people looked at me out of the corner of their eye, I think it was possible to notice that I didn\'t have the same \"level\" as them.', 'rua-atual.png', '', '', '', '', 0),
(65, 'I walked far enough to find the mysterious man\'s address and finally found his address, hopefully he hasn\'t moved', 'casa-vilao.png', '', '', '', '', 0),
(66, 'I waited for a long time or was I maybe just anxious to know if the stranger was going to show up or not, had he moved or died?? Would it be my grandfather who would show up??\r\n', 'casa-vilao.png', '', '', '', '', 0),
(67, 'I saw the door open a little and right after a tall man appears when the door opens completely, would he or André be the partner?', 'casa-vilao.png', '', '', '', '', 0),
(68, 'When I passed by his door I saw that his house was as big as inside, there were a few decorations scattered and that should cost my kidney more, I saw pictures and pictures scattered around but none of the pictures had my grandfather', 'sala-vilao.png', '', '', '', '', 0),
(69, 'Is it me, why? Are you my fan??', 'casa-vilao.png', 'andre.png', '', 'André', '', 0),
(70, 'Oh... Are you Edson\'s grandson? Wow, it\'s been a long time since I\'ve seen someone from his family. yes, hmm you want to come in?', 'casa-vilao.png', 'andre.png', '', 'André', '', 0),
(71, 'When I passed by his door I saw that his house was as big as inside, there were a few decorations scattered and that should cost my kidney more, I saw pictures and pictures scattered around but none of the pictures had my grandfather', 'sala-vilao.png', '', '', '', '', 0),
(72, 'Come on, sit down here in the dining room so we can talk', 'sala-vilao.png', 'andre.png', '', 'André', '', 0),
(73, 'I did what was said and when we sat down I stared at him, there was an immense silence, I didn\'t know what to say, there were so many questions that I didn\'t know where to start', 'sala-vilao.png', '', '', '', '', 0),
(74, ' Well, your grandfather was a long-time friend of mine haha, how long have I not heard from him, but anyway how did you find me??', 'sala-vilao.png', 'andre.png', '', 'André', '', 0),
(75, 'I took the letter out of my pocket and put it on the table, when I looked into his face I saw his eyes widen', 'sala-vilao.png', '', '', '', '', 0),
(76, ' That letter... How did you find that?!\r\n', 'sala-vilao.png', 'andre.png', '', 'André', '', 0),
(77, 'I could feel the astonishment on his face which made me wonder about the situation, it was just a letter, nothing much-', 'sala-vilao.png', '', '', '', '', 0),
(78, ' I understand, but I thought she had been thrown away', 'sala-vilao.png', 'andre.png', '', 'André', '', 0),
(79, 'Silence had settled in the place, I felt that I had to say something or I would miss the chance-', 'sala-vilao.png', '', '', '', '', 0),
(80, ' Not for sure. Especially because he unfortunately left me here and left the city without giving me any explanations.\r\n', 'sala-vilao.png', 'andre.png', '', 'André', '', 0),
(81, 'I told it with a questioning tone, that story seemed even stranger', 'sala-vilao.png', '', '', '', '', 0),
(82, 'Well, then... About this', 'sala-vilao.png', 'andre.png', '', 'André', '', 0),
(83, ' Unfortunately not. The most I know that happened was that he moved to another city, but I don\'t know which city he went to...', 'sala-vilao.png', 'andre.png', '', 'André', '', 0),
(84, 'Interrupting him, I asked him the question I wanted most:', 'sala-vilao.png', '', '', '', '', 0),
(85, 'Clear... Your grandfather\'s company, of course', 'sala-vilao.png', 'andre.png', '', 'André', '', 0),
(86, ' Good... The store doesn\'t open today but we can go tomorrow\r\n', 'sala-vilao.png', 'andre.png', '', 'André', '', 0),
(87, 'It\'s on W3 South, it\'s not far from here, so anyone who asks will know and answer where it is\r\n', 'sala-vilao.png', 'andre.png', '', 'André', '', 0),
(88, 'I said with my head looking at him, maybe I can look for something in that company, I don\'t trust André much, he\'s strange to me-\r\n', 'sala-vilao.png', '', '', '', '', 0),
(89, 'I got up and was followed by him to the door.', 'casa-vilao.png', '', '', '', '', 0),
(90, NULL, 'later.png', '', '', '', '', 0),
(95, 'A while later, at home, I started to rethink the conversation with André. Something about him didn\'t sit well with me, he was strange, I felt like someone I couldn\'t trust was him.', 'quarto-noite.png', '', '', '', '', 0),
(96, 'Tomorrow would be a busy day, I continued doing my chores and then I tried to go to bed getting ready for a new day.', 'quarto-noite.png', '', '', '', '', 0),
(97, 'Today was the day to visit my grandfather\'s company, that moment whether or not it was important. I think this way I would be able to feel closer to my grandfather and know what had happened to him', 'quarto.png', '', '', '', '', 0),
(98, 'Leave the house going straight to the stop to wait for the bus so you can go to W3 Sul, the large and very famous commercial and industrial area, with big brands spread throughout the region.', 'rua-atual.png', '', '', '', '', 0),
(99, 'It didn\'t take long until the bus arrived and I soon went to the area where I was supposed to meet André.', 'rua-atual.png', '', '', '', '', 0),
(100, 'Arriving at W3 Sul, I observed the landscape of one of the busiest roads in Brasília, several people were walking there, especially during business hours, I started walking there looking for my grandfather\'s company, could he be there for pure coin?', 'rua-atual.png', '', '', '', '', 0),
(101, 'I was in front of the car store, I was happy to know that I could be closer to my grandfather.', 'rua-atual.png', '', '', '', '', 0),
(102, 'When I entered the store I spoke to the attendant saying that I was there to meet André.', 'loja.png', '', '', '', '', 0),
(103, 'I\'m glad you came P.P, I was waiting for you, let\'s talk in my office', 'loja.png', 'andre.png', '', 'André', '', 0),
(104, 'I walked following him down the long corridor arriving at his room where I sat observing the whole place, there were photos and photos of André spread around the room', 'escritorio-vilao.png', '', '', '', '', 0),
(105, 'That\'s right, everything that is most important and valuable to me is found here.\r\nP.P- Interesting, don\'t you have any photos of my grandfather?', 'escritorio-vilao.png', 'andre.png', '', 'André', '', 0),
(106, 'It\'s a little hot today, right? I think we\'d better get some water to drink while we talk.', 'escritorio-vilao.png', 'andre.png', '', 'André', '', 0),
(107, 'Está um pouco quente hoje, certo? Acho melhor pegarmos um pouco de água para beber enquanto conversamos.\r\n', 'escritorio-vilao.png', '', '', '', '', 0),
(108, 'I got up towards his desk, and decided to open his drawer to look for anything that looked important.', 'escritorio-vilao.png', '', '', '', '', 0),
(109, 'While rummaging through his drawer I found two pieces of paper, a death certificate in my grandfather\'s name and a will in his name for André, I felt my eyes burning because of the desire to cry...', 'escritorio-vilao.png', '', '', '', '', 0),
(110, 'I was holding the two papers in front of me until I noticed the door creaking behind me.', 'escritorio-vilao.png', '', '', '', '', 0),
(111, 'What are you doing?', 'escritorio-vilao.png', 'andre.png', '', 'André', '', 0),
(112, 'I can explain it to you, it\'s serious', 'escritorio-vilao.png', 'andre.png', '', 'André', '', 0),
(113, 'I heard André let out an ironic laugh... I just wanted the truth', 'escritorio-vilao.png', '', '', '', '', 0),
(114, 'Don\'t act like a fool, P.p. Who do you think he will believe? In a rich person capable of everything or... In a lower class person? Don\'t be like your grandfather.', 'escritorio-vilao.png', 'andre.png', '', 'André', '', 0),
(115, 'Are you really sure you believed that someone so low would reach such a high level alone? The last thing you are stupid P.P... You want the truth right? So I\'ll tell you', 'escritorio-vilao.png', 'andre.png', '', 'André', '', 0),
(116, 'We had made a big sale that year, success was very close to our door, but there was a problem called \"Edson\".', 'escritorio-vilao.png', 'andre.png', '', 'André', '', 0),
(117, 'He was tired because he didn\'t have time with his family, he didn\'t want to waste all the time he had to grow the company and that was stupid of him, he had an entire monopoly in front of him.', 'escritorio-vilao.png', 'andre.png', '', 'André', '', 0),
(118, 'I would have to resolve this myself...', 'escritorio-vilao.png', 'andre.png', '', 'André', '', 0),
(119, NULL, 'sala-vilao.png', '', '', '', '', 0),
(120, 'Let\'s celebrate then! Grab one of your drinks and let\'s celebrate!', 'sala-vilao.png', 'edson.png', '', 'Edson', '', 0),
(121, NULL, 'cozinha-vilao.png', '', '', '', '', 0),
(122, NULL, 'cozinha-vilao.png', '', '', '', '', 0),
(123, NULL, 'cozinha-vilao.png', '', '', '', '', 0),
(124, NULL, 'cozinha-vilao.png', '', '', '', '', 0),
(125, NULL, 'sala-vilao.png', '', '', '', '', 0),
(126, NULL, 'sala-vilao.png', '', '', '', '', 0),
(127, NULL, 'sala-vilao.png', '', '', '', '', 0),
(128, NULL, 'sala-vilao.png', '', '', '', '', 0),
(129, 'Uhum.... I-I think so too, give it to me, let me sign it.', 'sala-vilao.png', 'edson.png', '', 'Edson', '', 0),
(130, NULL, 'sala-vilao.png', '', '', '', '', 0),
(131, 'I think I better go, I\'m not feeling well... I\'m feeling nauseous and have a really bad headache', 'sala-vilao.png', 'edson.png', '', 'Edson', '', 0),
(132, NULL, 'sala-vilao.png', '', '', '', '', 0),
(133, 'André, I\'m not well, help me...', 'sala-vilao.png', 'edson.png', '', 'Edson', '', 0),
(134, NULL, '2000.png', '', '', '', '', 0),
(135, NULL, 'escritorio-vilao.png', '', '', '', '', 0),
(136, 'Long years and nothing has gone wrong so far. If you hadn\'t found me, everything would still be perfect... Do you really think I would feel guilty? I did what had to be done...\nP.P...', 'escritorio-vilao.png', 'andre.png', '', 'André', '', 0),
(137, 'But since you found out there\'s only one thing to do... P.P, why don\'t you join me?', 'escritorio-vilao.png', 'andre.png', '', 'André', '', 0),
(138, 'Think, You have success knocking on your door, come on!', 'escritorio-vilao.png', 'andre.png', '', 'André', '', 0),
(139, 'Don\'t make the wrong choice, you can join me or continue with your miserable life and see what happens...', 'escritorio-vilao.png', 'andre.png', '', 'André', '', 0),
(140, NULL, 'escritorio-vilao.png', '', '', '', '', 0),
(141, NULL, 'escritorio-vilao.png', '', '', '', '', 0),
(142, 'What did I tell you? not to look at the box, right?', 'quarto-pai.png', 'pai.png', '', 'João Carlos', '', 0),
(143, 'Still awake P.P? I should go to sleep', 'sala.png', 'pai.png', '', 'João Carlos', '', 0),
(144, 'Take it and go to sleep, it\'s late.', 'sala.png', 'pai.png', '', 'João Carlos', '', 0),
(145, 'What are you going to do today P.P?', 'sala.png', 'pai.png', '', 'João Carlos', '', 0),
(146, 'I would like to discuss this with you P.P, I will have to travel for work and I need you to take care of the house, I will leave money for you, don\'t worry, I will be back in a week. I packed my suitcase this morning', 'sala.png', 'pai.png', '', 'João Carlos', '', 0),
(147, 'I had unforeseen events, but the company will bear the costs, so everything is fine', 'sala.png', 'pai.png', '', 'João Carlos', '', 0),
(148, 'Forget P.P, you shouldn\'t touch the box for things like that. Forget this story for good! Don\'t touch that box!', 'sala.png', 'pai.png', '', 'João Carlos', '', 0),
(149, 'You can look, it\'s on top of my closet. Be careful not to drop', 'sala.png', 'pai.png', '', 'João Carlos', '', 0),
(150, 'Still awake P.P? I should go to sleep', 'sala.png', 'pai.png', '', 'João Carlos', '', 0),
(151, 'Take it and go to sleep, it\'s late.', 'sala.png', 'pai.png', '', 'João Carlos', '', 0),
(152, 'I shouldn\'t tell the truth, maybe he wouldn\'t like knowing why I wanted that box-', 'sala.png', 'pai.png', '', 'João Carlos', '', 0),
(153, 'Arriving in his room, I soon saw the large box of memories placed on the closet, I immediately took it and opened it, seeing several of our memories in one place-', 'quarto-pai.png', '', '', '', '', 0),
(154, 'When I started looking around I found several things from my grandfather, but only two things caught my attention: a letter addressed to him and some old photos', 'quarto-pai.png', '', '', '', '', 0),
(155, 'I opened the letter seeing the name of the person who sent it \"André Nunes\". Could this be the partner my grandfather ran away with?', 'carta.png', '', '', '', '', 0),
(156, 'I turned the letter over seeing the address from which the letter came from \"Lago Sul, Quadra 15 set 7\". I think this will be useful later', 'carta.png', '', '', '', '', 0),
(157, 'I closed the box and placed it on top of the wardrobe again. I left the room towards my room, it was late I should go to bed', 'quarto-pai.png', '', '', '', '', 0),
(158, 'I felt my eyes open at once, the nights haven\'t been good after that story, I\'ve been feeling a bit tired, I should go back to sleep, tomorrow will be a busy day...', 'quarto-noite.png', '', '', '', '', 0),
(159, 'I got up going out into the hallway and seeing the light in my father\'s room was still on and the door was open.', 'sala.png', '', '', '', '', 0),
(160, 'I walked to the door and put my eye on the crack of the door, seeing my father sitting on his bed looking at a newspaper that was a bit faded and yellowed, it must have been very old.', 'sala.png', '', '', '', '', 0),
(161, 'I continued watching him for a few seconds until I saw him put the newspaper in the memory box and get up.', 'sala.png', '', '', '', '', 0),
(162, 'I left the door as quickly as I appeared there and sped up my steps towards the kitchen to drink water-', 'cozinha.png', '', '', '', '', 0),
(163, 'Still awake P.P? I should go to sleep', 'cozinha.png', 'pai.png', '', 'João Carlos', '', 0),
(164, 'I woke up out of nowhere, I came to have a glass of water before going to bed again...', 'cozinha.png', '', '', '', '', 0),
(165, 'Take it and go to sleep, it\'s late.', 'cozinha.png', 'pai.png', '', 'João Carlos', '', 0),
(166, 'He turned and headed towards the bedroom and after I drank my water I did the same, laying down and sleeping for good.', 'cozinha.png', '', '', '', '', 0),
(169, 'I asked you not to move, why didn\'t you obey? Close that box and leave the room.', 'quarto-pai.png', 'pai.png', '', 'João Carlos', '', 0),
(170, 'I asked you not to move, why didn\'t you obey? Close that box and leave the room.', 'quarto-pai.png', 'pai.png', '', 'João Carlos', '', 0),
(171, NULL, 'later.png', '', '', '', '', 0),
(172, NULL, 'later.png', '', '', '', '', 0),
(173, 'Before I was curious about the story, my father had told me about everything, about my grandfather, about the company and even about you', 'sala-vilao.png', '', '', '', '', 0),
(174, 'So that\'s how he got curious about looking for me. Well your grandfather he-', 'sala-vilao.png', 'andre.png', '', 'André', '', 0),
(175, 'A while ago I had a strange dream, I dreamed that I had gotten up at night and the TV had turned on by itself, the screen was flashing my grandfather\'s name and asking me several questions...', 'sala-vilao.png', '', '', '', '', 0),
(176, 'To begin with, who is your grandfather?', 'casa-vilao.png', 'andre.png', '', 'André', '', 0),
(177, 'How does he not know my grandfather if he is the company\'s partner? It was my grandfather who created this business, it would be impossible not to know him', 'casa-vilao.png', '', '', '', '', 0),
(178, 'His face had an expression of astonishment, but it was not obvious.', 'casa-vilao.png', 'andre.png', '', 'André', '', 0),
(179, 'Oh yes, I know him.', 'casa-vilao.png', '', '', '', '', 0),
(180, 'What do I do now?', 'quarto-pai.png', '', '', '', '', 0),
(181, 'huh? It\'s torn and it looks like it was on purpose... Who\'s this on my grandfather\'s side? Could it be that partner who made him move?', 'foto.png', '', '', '', '', 0),
(182, 'I heard a noise at the door and automatically looked in the direction, seeing my father standing with his arms crossed looking at me.c', 'quarto-pai.png', '', '', '', '', 0),
(183, 'I respected your decision, maybe I really should leave this story aside, it must be just in my head. I ended up forgetting after a while, but why can\'t I see the box?', 'sala.png', '', '', '', '', 0),
(184, 'What do I do now?', 'quarto-pai.png', '', '', '', '', 0),
(185, 'What do I do now?', 'quarto-pai.png', '', '', '', '', 0),
(186, 'Of course I can! What do you want to know about?', 'casa-vizinha.png', 'D.tereza.png', '', 'D.Tereza', '', 0),
(187, 'The path was long. The city was very dry due to several days without rain, the region was very hot. The hot sun and stuffy weather didn\'t help me, I felt my head burn and my vision became blurred...', 'rua-atual.png', '', '', '', '', 0),
(188, 'I think it\'s better to have a glass of water before going back to...', 'quarto-noite.png', '', '', '', '', 0),
(189, 'Oh sure, but why?', 'sala-vilao.png', '', '', '', '', 0),
(190, NULL, 'later.png', '', '', '', '', 0),
(191, NULL, 'later.png', '', '', '', '', 0),
(192, 'I felt a presence behind me but when I turned around I didn\'t see anyone, I found the sensation strange, reminding me of the same sensation in the dream on TV, I drank the glass of water and went back to my room sleeping', 'cozinha.png', '', '', '', '', 0),
(193, NULL, 'later.png', '', '', '', '', 0),
(194, NULL, 'later.png', '', '', '', '', 0),
(195, 'My father was gone, I would have plenty of time to see something about my grandfather without worrying about my father.', 'sala.png', '', '', '', '', 0),
(196, 'I already had some clues to start with, I should find that location in the photo, it shouldn\'t have changed that much since it was obvious that it was the W3 South area', 'sala.png', '', '', '', '', 0),
(197, 'Bus would definitely be the best option, the sun is very strong in the region and you shouldn\'t risk getting sunstroke.', 'rua-atual.png', '', '', '', '', 0),
(198, 'Inside the bus I took the letter out of my pocket to remember the address I should go to \"W3 South\", the most industrialized neighborhood I\'ve ever seen, it\'s so huge and so full', 'rua-atual.png', '', '', '', '', 0),
(199, 'When I got off the bus I saw the busiest area in...', 'rua-atual.png', '', '', '', '', 0),
(200, 'I should find my grandfather\'s store, it wouldn\'t be so much of a problem since there were big signs spread across the street-', 'rua-atual.png', '', '', '', '', 0),
(201, 'It didn\'t take me long to find the store since from afar I could see several luxury cars in a window and the shiny name on the sign, this was where I would find my grandfather.', 'loja.png', '', '', '', '', 0),
(202, 'I talked to the attendant, telling him a little and saying that I wanted to talk to the owner but I was surprised to see a completely different person... The partner', 'loja.png', '', '', '', '', 0),
(203, 'Hello, I\'m André, I was told about you at the moment, could we talk in my room?', 'loja.png', 'andre.png', '', 'André', '', 0),
(204, 'I walked following him down the long corridor arriving at his room where I sat observing the whole place, there were photos and photos of André spread around the room, he was a bit egocentric by the way and maybe he scared me a little', 'escritorio-vilao.png', '', '', '', '', 0),
(205, 'That\'s right, everything that is most important and valuable to me is found here.', 'escritorio-vilao.png', 'andre.png', '', 'André', '', 0),
(206, 'It\'s a little hot today, right? I think we\'d better get some water to drink while we talk more about this subject.', 'escritorio-vilao.png', 'andre.png', '', 'André', '', 0),
(207, 'I saw him leave the room in a hurry, I think he wants to avoid talking about my grandfather as much as possible... He seemed scared when I mentioned my grandfather, he must have already known who he was.', 'escritorio-vilao.png', '', '', '', '', 0),
(208, 'Maybe this was the perfect time to go through his things and find something important, since he was no longer in the room and was able to take his time.', 'escritorio-vilao.png', '', '', '', '', 0),
(209, 'I decided that the best thing to do was to look at the computer, it\'s obvious that anything important would be there.', 'escritorio-vilao.png', '', '', '', '', 0),
(210, 'I got up and sat on the chair in front of the computer, when I turned on the screen I noticed \"Enter the password\" the idea went out the window, how would I know that?', 'escritorio-vilao.png', '', '', '', '', 0),
(211, 'I tried over and over again but none of the passwords fit, I was about to try again until I heard the sound of the door creaking and when I turned back...', 'escritorio-vilao.png', '', '', '', '', 0),
(212, 'What are you doing?!', 'escritorio-vilao.png', 'andre.png', '', 'André', '', 0),
(213, NULL, '1972.png', '', '', '', '', 0),
(214, 'Maybe this can change my life for the better and I can give everything good to my father... I accept André', 'escritorio-vilao.png', '', '', '', '', 0),
(215, 'I\'m glad you knew how to think, but know that you should never tell anyone about what you know about this story...', 'escritorio-vilao.png', 'andre.png', '', 'André', '', 0),
(216, 'You\'re not doing anything wrong, how about a toast to celebrate?', 'escritorio-vilao.png', 'andre.png', '', 'André', '', 0),
(217, 'It\'s a great start in your life. We have to toast your great triumph in Brasília!', 'escritorio-vilao.png', 'andre.png', '', 'André', '', 0),
(218, 'Who do you think I am? Do you really think I will be as horrible as you?? You killed my grandfather!', 'escritorio-vilao.png', '', '', '', '', 0),
(219, 'Know one thing P.P, you were able to discover everything but if by any chance you open your mouth, your life will be worse than it already is, I have everything that money can buy so I advise you to go back to where you came from and keep your mouth shut.', 'escritorio-vilao.png', 'andre.png', '', 'André', '', 0),
(220, 'I left his office without any reaction, I just turned my back and walked away, my life wouldn\'t be the same after knowing that but there was nothing I could do...', 'rua-atual.png', '', '', '', '', 0),
(221, 'Only I would know the truth of all that and I would have to take this secret to the grave with me.', 'rua-atual.png', '', '', '', '', 0),
(222, 'While the partner didn\'t show up, I asked the attendant which car was faster.', 'loja.png', '', '', '', '', 0),
(223, 'He told me the fastest car in the shop was the Mustang with a horsepower of 190 at 5,250 rpm and a torque of 220 lb-ft at 2,750 rpm.', 'loja.png', '', '', '', '', 0),
(224, 'and with consumption of 7.2 km/l in the city and 11 km/l on the highway.', 'loja.png', '', '', '', '', 0),
(225, 'and the most economical was the Chevrolet Vectra Challenge, with a consumption of 9.3 km/L and 10.6 km/L', 'loja.png', '', '', '', '', 0);

-- --------------------------------------------------------

--
-- Estrutura da tabela `usuario`
--

DROP TABLE IF EXISTS `usuario`;
CREATE TABLE IF NOT EXISTS `usuario` (
  `nome` varchar(255) DEFAULT NULL,
  `imagem` varchar(255) CHARACTER SET utf8mb4 COLLATE utf8mb4_0900_ai_ci DEFAULT NULL,
  `id_usuario` int NOT NULL AUTO_INCREMENT,
  `email` varchar(255) NOT NULL,
  `senha` varchar(255) NOT NULL,
  PRIMARY KEY (`id_usuario`)
) ENGINE=InnoDB AUTO_INCREMENT=15 DEFAULT CHARSET=utf8mb4 COLLATE=utf8mb4_0900_ai_ci;

--
-- Extraindo dados da tabela `usuario`
--

INSERT INTO `usuario` (`nome`, `imagem`, `id_usuario`, `email`, `senha`) VALUES
('André', 'andre.png', -1, '', ''),
('Edson', 'edson.png', 0, '', ''),
('', '', 1, '', ''),
('Antonio', 'personagem-masc.png', 4, 'mauricioanderlaine.gamerpro@gmail.com', '1234578'),
('Lorenzo', 'personagem-masc.png', 5, 'lorenzo.2022310934@aluno.iffar.edu.br', '123456789'),
(NULL, '', 9, 'teste@gmail.com', '123456789'),
(NULL, '', 10, '123@gmail.com', '12345678'),
(NULL, '', 11, 'teste1@gmail.com', '123456789'),
(NULL, '', 12, 'teste2@gmail.com', '123456789'),
(NULL, '', 13, 'email@gmail.com', '123456789'),
('Laura', 'personagem-fem.png', 14, 'laura1022@gmail.com', '123456789');

--
-- Restrições para despejos de tabelas
--

--
-- Limitadores para a tabela `escolhas`
--
ALTER TABLE `escolhas`
  ADD CONSTRAINT `fk_historia` FOREIGN KEY (`id_historia`) REFERENCES `historia` (`id_historia`) ON DELETE CASCADE ON UPDATE CASCADE,
  ADD CONSTRAINT `fk_usuario` FOREIGN KEY (`id_usuario`) REFERENCES `usuario` (`id_usuario`) ON DELETE CASCADE ON UPDATE CASCADE;

--
-- Limitadores para a tabela `escolhasen`
--
ALTER TABLE `escolhasen`
  ADD CONSTRAINT `fk_historiaen` FOREIGN KEY (`id_historia`) REFERENCES `historiaen` (`id_historia`) ON DELETE CASCADE ON UPDATE CASCADE,
  ADD CONSTRAINT `fk_usuarioen` FOREIGN KEY (`id_usuario`) REFERENCES `usuario` (`id_usuario`) ON DELETE CASCADE ON UPDATE CASCADE;
COMMIT;

/*!40101 SET CHARACTER_SET_CLIENT=@OLD_CHARACTER_SET_CLIENT */;
/*!40101 SET CHARACTER_SET_RESULTS=@OLD_CHARACTER_SET_RESULTS */;
/*!40101 SET COLLATION_CONNECTION=@OLD_COLLATION_CONNECTION */;
